kotlin version: 2.2.20
error message: java.lang.RuntimeException: Exception while generating code for:
FUN name:VideoPlayer visibility:public modality:FINAL returnType:kotlin.Unit
  VALUE_PARAMETER kind:Regular name:movie index:0 type:com.vs18.tvdemoapp.core.model.Movie?
  VALUE_PARAMETER kind:Regular name:isOfflineMode index:1 type:kotlin.Boolean
  VALUE_PARAMETER kind:Regular name:isNetworkAvailable index:2 type:kotlin.Function0<kotlin.Boolean>
  VALUE_PARAMETER kind:Regular name:onError index:3 type:kotlin.Function1<kotlin.String, kotlin.Unit>
  annotations:
    Composable
  BLOCK_BODY
    VAR name:context type:android.content.Context [val]
      CALL 'public final fun <get-current> (): T of androidx.compose.runtime.CompositionLocal [inline] declared in androidx.compose.runtime.CompositionLocal' type=android.content.Context origin=GET_PROPERTY
        ARG <this>: TYPE_OP type=androidx.compose.runtime.CompositionLocal<T of androidx.compose.runtime.CompositionLocal> origin=IMPLICIT_CAST typeOperand=androidx.compose.runtime.CompositionLocal<T of androidx.compose.runtime.CompositionLocal>
          CALL 'public final fun <get-LocalContext> (): androidx.compose.runtime.ProvidableCompositionLocal<android.content.Context> declared in androidx.compose.ui.platform.AndroidCompositionLocals_androidKt' type=androidx.compose.runtime.ProvidableCompositionLocal<android.content.Context> origin=GET_PROPERTY
    VAR PROPERTY_DELEGATE name:playerState$delegate type:androidx.compose.runtime.State<com.vs18.tvdemoapp.core.model.Movie?> [val]
      CALL 'public final fun rememberUpdatedState <T> (newValue: T of androidx.compose.runtime.SnapshotStateKt.rememberUpdatedState): androidx.compose.runtime.State<T of androidx.compose.runtime.SnapshotStateKt.rememberUpdatedState> declared in androidx.compose.runtime.SnapshotStateKt' type=androidx.compose.runtime.State<com.vs18.tvdemoapp.core.model.Movie?> origin=null
        TYPE_ARG T: com.vs18.tvdemoapp.core.model.Movie?
        ARG newValue: GET_VAR 'movie: com.vs18.tvdemoapp.core.model.Movie? declared in com.vs18.tvdemoapp.player.VideoPlayerKt.VideoPlayer' type=com.vs18.tvdemoapp.core.model.Movie? origin=null
    WHEN type=kotlin.Unit origin=IF
      BRANCH
        if: CALL 'public final fun OROR (arg0: kotlin.Boolean, arg1: kotlin.Boolean): kotlin.Boolean declared in kotlin.internal.ir' type=kotlin.Boolean origin=null
          ARG arg0: CALL 'public final fun EQEQ (arg0: kotlin.Any?, arg1: kotlin.Any?): kotlin.Boolean declared in kotlin.internal.ir' type=kotlin.Boolean origin=EQEQ
            ARG arg0: GET_VAR 'movie: com.vs18.tvdemoapp.core.model.Movie? declared in com.vs18.tvdemoapp.player.VideoPlayerKt.VideoPlayer' type=com.vs18.tvdemoapp.core.model.Movie? origin=null
            ARG arg1: CONST Null type=kotlin.Nothing? value=null
          ARG arg1: CALL 'public final fun isNullOrEmpty (<this>: kotlin.CharSequence?): kotlin.Boolean [inline] declared in kotlin.text.StringsKt' type=kotlin.Boolean origin=null
            ARG <this>: CALL 'public final fun <get-videoUrl> (): kotlin.String? declared in com.vs18.tvdemoapp.core.model.Movie' type=kotlin.String? origin=GET_PROPERTY
              ARG <this>: TYPE_OP type=com.vs18.tvdemoapp.core.model.Movie origin=IMPLICIT_CAST typeOperand=com.vs18.tvdemoapp.core.model.Movie
                GET_VAR 'movie: com.vs18.tvdemoapp.core.model.Movie? declared in com.vs18.tvdemoapp.player.VideoPlayerKt.VideoPlayer' type=com.vs18.tvdemoapp.core.model.Movie? origin=null
        then: BLOCK type=kotlin.Unit origin=null
          CALL 'public final fun LaunchedEffect (key1: kotlin.Any?, block: @[ExtensionFunctionType] kotlin.coroutines.SuspendFunction1<kotlinx.coroutines.CoroutineScope, kotlin.Unit>): kotlin.Unit declared in androidx.compose.runtime.EffectsKt' type=kotlin.Unit origin=null
            ARG key1: GET_FIELD 'FIELD FIELD_FOR_OBJECT_INSTANCE name:INSTANCE type:kotlin.Unit visibility:public [final,static] declared in kotlin.Unit' type=kotlin.Unit origin=null
            ARG block: BLOCK type=com.vs18.tvdemoapp.player.VideoPlayerKt.VideoPlayer.<no name provided> origin=null
              CLASS SUSPEND_LAMBDA CLASS name:<no name provided> modality:FINAL visibility:public/*package*/ superTypes:[kotlin.coroutines.jvm.internal.SuspendLambda; kotlin.jvm.functions.Function2<kotlinx.coroutines.CoroutineScope, kotlin.coroutines.Continuation<kotlin.Unit>?, kotlin.Any?>]
                thisReceiver: VALUE_PARAMETER INSTANCE_RECEIVER kind:DispatchReceiver name:<this> type:com.vs18.tvdemoapp.player.VideoPlayerKt.VideoPlayer.<no name provided>
                FIELD name:label type:kotlin.Int visibility:public/*package*/
                CONSTRUCTOR SUSPEND_LAMBDA visibility:public/*package*/ returnType:com.vs18.tvdemoapp.player.VideoPlayerKt.VideoPlayer.<no name provided> [primary]
                  VALUE_PARAMETER BOUND_VALUE_PARAMETER kind:Regular name:$onError index:0 type:kotlin.Function1<kotlin.String, kotlin.Unit>
                  VALUE_PARAMETER kind:Regular name:$completion index:1 type:kotlin.coroutines.Continuation<com.vs18.tvdemoapp.player.VideoPlayerKt.VideoPlayer.<no name provided>>?
                  BLOCK_BODY
                    SET_FIELD 'FIELD FIELD_FOR_CAPTURED_VALUE name:$onError type:kotlin.Function1<kotlin.String, kotlin.Unit> visibility:public/*package*/ [final] declared in com.vs18.tvdemoapp.player.VideoPlayerKt.VideoPlayer.<no name provided>' type=kotlin.Unit origin=INITIALIZER_OF_FIELD_FOR_CAPTURED_VALUE
                      receiver: GET_VAR '<this>: com.vs18.tvdemoapp.player.VideoPlayerKt.VideoPlayer.<no name provided> declared in com.vs18.tvdemoapp.player.VideoPlayerKt.VideoPlayer.<no name provided>' type=com.vs18.tvdemoapp.player.VideoPlayerKt.VideoPlayer.<no name provided> origin=null
                      value: GET_VAR '$onError: kotlin.Function1<kotlin.String, kotlin.Unit> declared in com.vs18.tvdemoapp.player.VideoPlayerKt.VideoPlayer.<no name provided>.<init>' type=kotlin.Function1<kotlin.String, kotlin.Unit> origin=null
                    DELEGATING_CONSTRUCTOR_CALL 'public constructor <init> (arity: kotlin.Int, $completion: kotlin.coroutines.Continuation<kotlin.Any?>?) declared in kotlin.coroutines.jvm.internal.SuspendLambda'
                      ARG arity: CONST Int type=kotlin.Int value=2
                      ARG $completion: GET_VAR '$completion: kotlin.coroutines.Continuation<com.vs18.tvdemoapp.player.VideoPlayerKt.VideoPlayer.<no name provided>>? declared in com.vs18.tvdemoapp.player.VideoPlayerKt.VideoPlayer.<no name provided>.<init>' type=kotlin.coroutines.Continuation<com.vs18.tvdemoapp.player.VideoPlayerKt.VideoPlayer.<no name provided>>? origin=null
                    BLOCK type=kotlin.Unit origin=null
                FUN name:invokeSuspend visibility:public modality:FINAL returnType:kotlin.Any?
                  VALUE_PARAMETER INSTANCE_RECEIVER kind:DispatchReceiver name:<this> index:0 type:com.vs18.tvdemoapp.player.VideoPlayerKt.VideoPlayer.<no name provided>
                  VALUE_PARAMETER kind:Regular name:$result index:1 type:kotlin.Result<kotlin.Any?>
                  overridden:
                    protected abstract fun invokeSuspend ($result: kotlin.Result<kotlin.Any?>): kotlin.Any? declared in kotlin.coroutines.jvm.internal.SuspendLambda
                  BLOCK_BODY
                    CALL 'public open fun log (p0: @[EnhancedNullability] kotlin.String): kotlin.Unit declared in com.google.firebase.crashlytics.FirebaseCrashlytics' type=kotlin.Unit origin=null
                      ARG <this>: CALL 'public open fun getInstance (): @[EnhancedNullability] com.google.firebase.crashlytics.FirebaseCrashlytics declared in com.google.firebase.crashlytics.FirebaseCrashlytics' type=@[EnhancedNullability] com.google.firebase.crashlytics.FirebaseCrashlytics origin=null
                      ARG p0: CONST String type=kotlin.String value="No movie data or video URL"
                    CALL 'public abstract fun invoke (p1: P1 of kotlin.Function1): R of kotlin.Function1 [operator] declared in kotlin.Function1' type=kotlin.Unit origin=INVOKE
                      ARG <this>: GET_FIELD 'FIELD FIELD_FOR_CAPTURED_VALUE name:$onError type:kotlin.Function1<kotlin.String, kotlin.Unit> visibility:public/*package*/ [final] declared in com.vs18.tvdemoapp.player.VideoPlayerKt.VideoPlayer.<no name provided>' type=kotlin.Function1<kotlin.String, kotlin.Unit> origin=null
                        receiver: GET_VAR '<this>: com.vs18.tvdemoapp.player.VideoPlayerKt.VideoPlayer.<no name provided> declared in com.vs18.tvdemoapp.player.VideoPlayerKt.VideoPlayer.<no name provided>.invokeSuspend' type=com.vs18.tvdemoapp.player.VideoPlayerKt.VideoPlayer.<no name provided> origin=null
                      ARG p1: CONST String type=kotlin.String value="Error: No movie data"
                FUN name:create visibility:public modality:FINAL returnType:kotlin.coroutines.Continuation<kotlin.Unit>
                  VALUE_PARAMETER INSTANCE_RECEIVER kind:DispatchReceiver name:<this> index:0 type:com.vs18.tvdemoapp.player.VideoPlayerKt.VideoPlayer.<no name provided>
                  VALUE_PARAMETER kind:Regular name:value index:1 type:kotlin.Any?
                  VALUE_PARAMETER kind:Regular name:$completion index:2 type:kotlin.coroutines.Continuation<kotlin.Nothing>
                  overridden:
                    public open fun create (value: kotlin.Any?, $completion: kotlin.coroutines.Continuation<kotlin.Nothing>): kotlin.coroutines.Continuation<kotlin.Unit> declared in kotlin.coroutines.jvm.internal.SuspendLambda
                  BLOCK_BODY
                    RETURN type=kotlin.Nothing from='public final fun create (value: kotlin.Any?, $completion: kotlin.coroutines.Continuation<kotlin.Nothing>): kotlin.coroutines.Continuation<kotlin.Unit> declared in com.vs18.tvdemoapp.player.VideoPlayerKt.VideoPlayer.<no name provided>'
                      CONSTRUCTOR_CALL 'public/*package*/ constructor <init> ($onError: kotlin.Function1<kotlin.String, kotlin.Unit>, $completion: kotlin.coroutines.Continuation<com.vs18.tvdemoapp.player.VideoPlayerKt.VideoPlayer.<no name provided>>?) [primary] declared in com.vs18.tvdemoapp.player.VideoPlayerKt.VideoPlayer.<no name provided>' type=com.vs18.tvdemoapp.player.VideoPlayerKt.VideoPlayer.<no name provided> origin=null
                        ARG $onError: GET_FIELD 'FIELD FIELD_FOR_CAPTURED_VALUE name:$onError type:kotlin.Function1<kotlin.String, kotlin.Unit> visibility:public/*package*/ [final] declared in com.vs18.tvdemoapp.player.VideoPlayerKt.VideoPlayer.<no name provided>' type=kotlin.Function1<kotlin.String, kotlin.Unit> origin=null
                          receiver: GET_VAR '<this>: com.vs18.tvdemoapp.player.VideoPlayerKt.VideoPlayer.<no name provided> declared in com.vs18.tvdemoapp.player.VideoPlayerKt.VideoPlayer.<no name provided>.create' type=com.vs18.tvdemoapp.player.VideoPlayerKt.VideoPlayer.<no name provided> origin=null
                        ARG $completion: GET_VAR '$completion: kotlin.coroutines.Continuation<kotlin.Nothing> declared in com.vs18.tvdemoapp.player.VideoPlayerKt.VideoPlayer.<no name provided>.create' type=kotlin.coroutines.Continuation<kotlin.Nothing> origin=null
                FUN name:invoke visibility:public modality:FINAL returnType:kotlin.Any?
                  VALUE_PARAMETER INSTANCE_RECEIVER kind:DispatchReceiver name:<this> index:0 type:com.vs18.tvdemoapp.player.VideoPlayerKt.VideoPlayer.<no name provided>
                  VALUE_PARAMETER kind:Regular name:p1 index:1 type:kotlinx.coroutines.CoroutineScope
                  VALUE_PARAMETER kind:Regular name:p2 index:2 type:kotlin.coroutines.Continuation<kotlin.Unit>?
                  overridden:
                    public abstract fun invoke (p1: P1 of kotlin.jvm.functions.Function2, p2: P2 of kotlin.jvm.functions.Function2): R of kotlin.jvm.functions.Function2 declared in kotlin.jvm.functions.Function2
                  BLOCK_BODY
                    RETURN type=kotlin.Nothing from='public final fun invoke (p1: kotlinx.coroutines.CoroutineScope, p2: kotlin.coroutines.Continuation<kotlin.Unit>?): kotlin.Any? declared in com.vs18.tvdemoapp.player.VideoPlayerKt.VideoPlayer.<no name provided>'
                      CALL 'public final fun invokeSuspend ($result: kotlin.Result<kotlin.Any?>): kotlin.Any? declared in com.vs18.tvdemoapp.player.VideoPlayerKt.VideoPlayer.<no name provided>' type=kotlin.Any? origin=null
                        ARG <this>: TYPE_OP type=com.vs18.tvdemoapp.player.VideoPlayerKt.VideoPlayer.<no name provided> origin=IMPLICIT_CAST typeOperand=com.vs18.tvdemoapp.player.VideoPlayerKt.VideoPlayer.<no name provided>
                          CALL 'public final fun create (value: kotlin.Any?, $completion: kotlin.coroutines.Continuation<kotlin.Nothing>): kotlin.coroutines.Continuation<kotlin.Unit> declared in com.vs18.tvdemoapp.player.VideoPlayerKt.VideoPlayer.<no name provided>' type=kotlin.coroutines.Continuation<kotlin.Unit> origin=null
                            ARG <this>: GET_VAR '<this>: com.vs18.tvdemoapp.player.VideoPlayerKt.VideoPlayer.<no name provided> declared in com.vs18.tvdemoapp.player.VideoPlayerKt.VideoPlayer.<no name provided>.invoke' type=com.vs18.tvdemoapp.player.VideoPlayerKt.VideoPlayer.<no name provided> origin=null
                            ARG value: GET_VAR 'p1: kotlinx.coroutines.CoroutineScope declared in com.vs18.tvdemoapp.player.VideoPlayerKt.VideoPlayer.<no name provided>.invoke' type=kotlinx.coroutines.CoroutineScope origin=null
                            ARG $completion: GET_VAR 'p2: kotlin.coroutines.Continuation<kotlin.Unit>? declared in com.vs18.tvdemoapp.player.VideoPlayerKt.VideoPlayer.<no name provided>.invoke' type=kotlin.coroutines.Continuation<kotlin.Unit>? origin=null
                        ARG $result: CALL 'public final fun <unsafe-coerce> <T, R> (v: T of kotlin.jvm.internal.<unsafe-coerce>): R of kotlin.jvm.internal.<unsafe-coerce> declared in kotlin.jvm.internal' type=kotlin.Result<kotlin.Any?> origin=null
                          TYPE_ARG T: kotlin.Any?
                          TYPE_ARG R: kotlin.Result<kotlin.Any?>
                          ARG v: GET_FIELD 'FIELD FIELD_FOR_OBJECT_INSTANCE name:INSTANCE type:kotlin.Unit visibility:public [final,static] declared in kotlin.Unit' type=kotlin.Unit origin=null
                FIELD FIELD_FOR_CAPTURED_VALUE name:$onError type:kotlin.Function1<kotlin.String, kotlin.Unit> visibility:public/*package*/ [final]
                FUN BRIDGE name:invoke visibility:public modality:OPEN returnType:kotlin.Any?
                  VALUE_PARAMETER INSTANCE_RECEIVER kind:DispatchReceiver name:<this> index:0 type:com.vs18.tvdemoapp.player.VideoPlayerKt.VideoPlayer.<no name provided>
                  VALUE_PARAMETER BRIDGE kind:Regular name:p1 index:1 type:kotlin.Any?
                  VALUE_PARAMETER BRIDGE kind:Regular name:p2 index:2 type:kotlin.Any?
                  EXPRESSION_BODY
                    RETURN type=kotlin.Nothing from='public open fun invoke (p1: kotlin.Any?, p2: kotlin.Any?): kotlin.Any? declared in com.vs18.tvdemoapp.player.VideoPlayerKt.VideoPlayer.<no name provided>'
                      CALL 'public final fun invoke (p1: kotlinx.coroutines.CoroutineScope, p2: kotlin.coroutines.Continuation<kotlin.Unit>?): kotlin.Any? declared in com.vs18.tvdemoapp.player.VideoPlayerKt.VideoPlayer.<no name provided>' type=kotlin.Any? origin=BRIDGE_DELEGATION
                        ARG <this>: GET_VAR '<this>: com.vs18.tvdemoapp.player.VideoPlayerKt.VideoPlayer.<no name provided> declared in com.vs18.tvdemoapp.player.VideoPlayerKt.VideoPlayer.<no name provided>.invoke' type=com.vs18.tvdemoapp.player.VideoPlayerKt.VideoPlayer.<no name provided> origin=null
                        ARG p1: TYPE_OP type=kotlinx.coroutines.CoroutineScope origin=IMPLICIT_CAST typeOperand=kotlinx.coroutines.CoroutineScope
                          GET_VAR 'p1: kotlin.Any? declared in com.vs18.tvdemoapp.player.VideoPlayerKt.VideoPlayer.<no name provided>.invoke' type=kotlin.Any? origin=null
                        ARG p2: TYPE_OP type=kotlin.coroutines.Continuation<*> origin=IMPLICIT_CAST typeOperand=kotlin.coroutines.Continuation<*>
                          GET_VAR 'p2: kotlin.Any? declared in com.vs18.tvdemoapp.player.VideoPlayerKt.VideoPlayer.<no name provided>.invoke' type=kotlin.Any? origin=null
              CONSTRUCTOR_CALL 'public/*package*/ constructor <init> ($onError: kotlin.Function1<kotlin.String, kotlin.Unit>, $completion: kotlin.coroutines.Continuation<com.vs18.tvdemoapp.player.VideoPlayerKt.VideoPlayer.<no name provided>>?) [primary] declared in com.vs18.tvdemoapp.player.VideoPlayerKt.VideoPlayer.<no name provided>' type=com.vs18.tvdemoapp.player.VideoPlayerKt.VideoPlayer.<no name provided> origin=null
                ARG $onError: GET_VAR 'onError: kotlin.Function1<kotlin.String, kotlin.Unit> declared in com.vs18.tvdemoapp.player.VideoPlayerKt.VideoPlayer' type=kotlin.Function1<kotlin.String, kotlin.Unit> origin=null
                ARG $completion: CONST Null type=kotlin.Nothing? value=null
          RETURN type=kotlin.Nothing from='public final fun VideoPlayer (movie: com.vs18.tvdemoapp.core.model.Movie?, isOfflineMode: kotlin.Boolean, isNetworkAvailable: kotlin.Function0<kotlin.Boolean>, onError: kotlin.Function1<kotlin.String, kotlin.Unit>): kotlin.Unit declared in com.vs18.tvdemoapp.player.VideoPlayerKt'
            GET_FIELD 'FIELD FIELD_FOR_OBJECT_INSTANCE name:INSTANCE type:kotlin.Unit visibility:public [final,static] declared in kotlin.Unit' type=kotlin.Unit origin=null
    WHEN type=kotlin.Unit origin=IF
      BRANCH
        if: CALL 'public final fun ANDAND (arg0: kotlin.Boolean, arg1: kotlin.Boolean): kotlin.Boolean declared in kotlin.internal.ir' type=kotlin.Boolean origin=null
          ARG arg0: CALL 'public final fun not (): kotlin.Boolean [operator] declared in kotlin.Boolean' type=kotlin.Boolean origin=null
            ARG <this>: GET_VAR 'isOfflineMode: kotlin.Boolean declared in com.vs18.tvdemoapp.player.VideoPlayerKt.VideoPlayer' type=kotlin.Boolean origin=null
          ARG arg1: CALL 'public final fun not (): kotlin.Boolean [operator] declared in kotlin.Boolean' type=kotlin.Boolean origin=null
            ARG <this>: CALL 'public abstract fun invoke (): R of kotlin.Function0 [operator] declared in kotlin.Function0' type=kotlin.Boolean origin=INVOKE
              ARG <this>: GET_VAR 'isNetworkAvailable: kotlin.Function0<kotlin.Boolean> declared in com.vs18.tvdemoapp.player.VideoPlayerKt.VideoPlayer' type=kotlin.Function0<kotlin.Boolean> origin=VARIABLE_AS_FUNCTION
        then: BLOCK type=kotlin.Unit origin=null
          CALL 'public final fun LaunchedEffect (key1: kotlin.Any?, block: @[ExtensionFunctionType] kotlin.coroutines.SuspendFunction1<kotlinx.coroutines.CoroutineScope, kotlin.Unit>): kotlin.Unit declared in androidx.compose.runtime.EffectsKt' type=kotlin.Unit origin=null
            ARG key1: GET_FIELD 'FIELD FIELD_FOR_OBJECT_INSTANCE name:INSTANCE type:kotlin.Unit visibility:public [final,static] declared in kotlin.Unit' type=kotlin.Unit origin=null
            ARG block: BLOCK type=com.vs18.tvdemoapp.player.VideoPlayerKt.VideoPlayer.<no name provided> origin=null
              CLASS SUSPEND_LAMBDA CLASS name:<no name provided> modality:FINAL visibility:public/*package*/ superTypes:[kotlin.coroutines.jvm.internal.SuspendLambda; kotlin.jvm.functions.Function2<kotlinx.coroutines.CoroutineScope, kotlin.coroutines.Continuation<kotlin.Unit>?, kotlin.Any?>]
                thisReceiver: VALUE_PARAMETER INSTANCE_RECEIVER kind:DispatchReceiver name:<this> type:com.vs18.tvdemoapp.player.VideoPlayerKt.VideoPlayer.<no name provided>
                FIELD name:label type:kotlin.Int visibility:public/*package*/
                CONSTRUCTOR SUSPEND_LAMBDA visibility:public/*package*/ returnType:com.vs18.tvdemoapp.player.VideoPlayerKt.VideoPlayer.<no name provided> [primary]
                  VALUE_PARAMETER BOUND_VALUE_PARAMETER kind:Regular name:$onError index:0 type:kotlin.Function1<kotlin.String, kotlin.Unit>
                  VALUE_PARAMETER kind:Regular name:$completion index:1 type:kotlin.coroutines.Continuation<com.vs18.tvdemoapp.player.VideoPlayerKt.VideoPlayer.<no name provided>>?
                  BLOCK_BODY
                    SET_FIELD 'FIELD FIELD_FOR_CAPTURED_VALUE name:$onError type:kotlin.Function1<kotlin.String, kotlin.Unit> visibility:public/*package*/ [final] declared in com.vs18.tvdemoapp.player.VideoPlayerKt.VideoPlayer.<no name provided>' type=kotlin.Unit origin=INITIALIZER_OF_FIELD_FOR_CAPTURED_VALUE
                      receiver: GET_VAR '<this>: com.vs18.tvdemoapp.player.VideoPlayerKt.VideoPlayer.<no name provided> declared in com.vs18.tvdemoapp.player.VideoPlayerKt.VideoPlayer.<no name provided>' type=com.vs18.tvdemoapp.player.VideoPlayerKt.VideoPlayer.<no name provided> origin=null
                      value: GET_VAR '$onError: kotlin.Function1<kotlin.String, kotlin.Unit> declared in com.vs18.tvdemoapp.player.VideoPlayerKt.VideoPlayer.<no name provided>.<init>' type=kotlin.Function1<kotlin.String, kotlin.Unit> origin=null
                    DELEGATING_CONSTRUCTOR_CALL 'public constructor <init> (arity: kotlin.Int, $completion: kotlin.coroutines.Continuation<kotlin.Any?>?) declared in kotlin.coroutines.jvm.internal.SuspendLambda'
                      ARG arity: CONST Int type=kotlin.Int value=2
                      ARG $completion: GET_VAR '$completion: kotlin.coroutines.Continuation<com.vs18.tvdemoapp.player.VideoPlayerKt.VideoPlayer.<no name provided>>? declared in com.vs18.tvdemoapp.player.VideoPlayerKt.VideoPlayer.<no name provided>.<init>' type=kotlin.coroutines.Continuation<com.vs18.tvdemoapp.player.VideoPlayerKt.VideoPlayer.<no name provided>>? origin=null
                    BLOCK type=kotlin.Unit origin=null
                FUN name:invokeSuspend visibility:public modality:FINAL returnType:kotlin.Any?
                  VALUE_PARAMETER INSTANCE_RECEIVER kind:DispatchReceiver name:<this> index:0 type:com.vs18.tvdemoapp.player.VideoPlayerKt.VideoPlayer.<no name provided>
                  VALUE_PARAMETER kind:Regular name:$result index:1 type:kotlin.Result<kotlin.Any?>
                  overridden:
                    protected abstract fun invokeSuspend ($result: kotlin.Result<kotlin.Any?>): kotlin.Any? declared in kotlin.coroutines.jvm.internal.SuspendLambda
                  BLOCK_BODY
                    CALL 'public open fun log (p0: @[EnhancedNullability] kotlin.String): kotlin.Unit declared in com.google.firebase.crashlytics.FirebaseCrashlytics' type=kotlin.Unit origin=null
                      ARG <this>: CALL 'public open fun getInstance (): @[EnhancedNullability] com.google.firebase.crashlytics.FirebaseCrashlytics declared in com.google.firebase.crashlytics.FirebaseCrashlytics' type=@[EnhancedNullability] com.google.firebase.crashlytics.FirebaseCrashlytics origin=null
                      ARG p0: CONST String type=kotlin.String value="No network available for video playback"
                    CALL 'public abstract fun invoke (p1: P1 of kotlin.Function1): R of kotlin.Function1 [operator] declared in kotlin.Function1' type=kotlin.Unit origin=INVOKE
                      ARG <this>: GET_FIELD 'FIELD FIELD_FOR_CAPTURED_VALUE name:$onError type:kotlin.Function1<kotlin.String, kotlin.Unit> visibility:public/*package*/ [final] declared in com.vs18.tvdemoapp.player.VideoPlayerKt.VideoPlayer.<no name provided>' type=kotlin.Function1<kotlin.String, kotlin.Unit> origin=null
                        receiver: GET_VAR '<this>: com.vs18.tvdemoapp.player.VideoPlayerKt.VideoPlayer.<no name provided> declared in com.vs18.tvdemoapp.player.VideoPlayerKt.VideoPlayer.<no name provided>.invokeSuspend' type=com.vs18.tvdemoapp.player.VideoPlayerKt.VideoPlayer.<no name provided> origin=null
                      ARG p1: CONST String type=kotlin.String value="Error: No network connection"
                FUN name:create visibility:public modality:FINAL returnType:kotlin.coroutines.Continuation<kotlin.Unit>
                  VALUE_PARAMETER INSTANCE_RECEIVER kind:DispatchReceiver name:<this> index:0 type:com.vs18.tvdemoapp.player.VideoPlayerKt.VideoPlayer.<no name provided>
                  VALUE_PARAMETER kind:Regular name:value index:1 type:kotlin.Any?
                  VALUE_PARAMETER kind:Regular name:$completion index:2 type:kotlin.coroutines.Continuation<kotlin.Nothing>
                  overridden:
                    public open fun create (value: kotlin.Any?, $completion: kotlin.coroutines.Continuation<kotlin.Nothing>): kotlin.coroutines.Continuation<kotlin.Unit> declared in kotlin.coroutines.jvm.internal.SuspendLambda
                  BLOCK_BODY
                    RETURN type=kotlin.Nothing from='public final fun create (value: kotlin.Any?, $completion: kotlin.coroutines.Continuation<kotlin.Nothing>): kotlin.coroutines.Continuation<kotlin.Unit> declared in com.vs18.tvdemoapp.player.VideoPlayerKt.VideoPlayer.<no name provided>'
                      CONSTRUCTOR_CALL 'public/*package*/ constructor <init> ($onError: kotlin.Function1<kotlin.String, kotlin.Unit>, $completion: kotlin.coroutines.Continuation<com.vs18.tvdemoapp.player.VideoPlayerKt.VideoPlayer.<no name provided>>?) [primary] declared in com.vs18.tvdemoapp.player.VideoPlayerKt.VideoPlayer.<no name provided>' type=com.vs18.tvdemoapp.player.VideoPlayerKt.VideoPlayer.<no name provided> origin=null
                        ARG $onError: GET_FIELD 'FIELD FIELD_FOR_CAPTURED_VALUE name:$onError type:kotlin.Function1<kotlin.String, kotlin.Unit> visibility:public/*package*/ [final] declared in com.vs18.tvdemoapp.player.VideoPlayerKt.VideoPlayer.<no name provided>' type=kotlin.Function1<kotlin.String, kotlin.Unit> origin=null
                          receiver: GET_VAR '<this>: com.vs18.tvdemoapp.player.VideoPlayerKt.VideoPlayer.<no name provided> declared in com.vs18.tvdemoapp.player.VideoPlayerKt.VideoPlayer.<no name provided>.create' type=com.vs18.tvdemoapp.player.VideoPlayerKt.VideoPlayer.<no name provided> origin=null
                        ARG $completion: GET_VAR '$completion: kotlin.coroutines.Continuation<kotlin.Nothing> declared in com.vs18.tvdemoapp.player.VideoPlayerKt.VideoPlayer.<no name provided>.create' type=kotlin.coroutines.Continuation<kotlin.Nothing> origin=null
                FUN name:invoke visibility:public modality:FINAL returnType:kotlin.Any?
                  VALUE_PARAMETER INSTANCE_RECEIVER kind:DispatchReceiver name:<this> index:0 type:com.vs18.tvdemoapp.player.VideoPlayerKt.VideoPlayer.<no name provided>
                  VALUE_PARAMETER kind:Regular name:p1 index:1 type:kotlinx.coroutines.CoroutineScope
                  VALUE_PARAMETER kind:Regular name:p2 index:2 type:kotlin.coroutines.Continuation<kotlin.Unit>?
                  overridden:
                    public abstract fun invoke (p1: P1 of kotlin.jvm.functions.Function2, p2: P2 of kotlin.jvm.functions.Function2): R of kotlin.jvm.functions.Function2 declared in kotlin.jvm.functions.Function2
                  BLOCK_BODY
                    RETURN type=kotlin.Nothing from='public final fun invoke (p1: kotlinx.coroutines.CoroutineScope, p2: kotlin.coroutines.Continuation<kotlin.Unit>?): kotlin.Any? declared in com.vs18.tvdemoapp.player.VideoPlayerKt.VideoPlayer.<no name provided>'
                      CALL 'public final fun invokeSuspend ($result: kotlin.Result<kotlin.Any?>): kotlin.Any? declared in com.vs18.tvdemoapp.player.VideoPlayerKt.VideoPlayer.<no name provided>' type=kotlin.Any? origin=null
                        ARG <this>: TYPE_OP type=com.vs18.tvdemoapp.player.VideoPlayerKt.VideoPlayer.<no name provided> origin=IMPLICIT_CAST typeOperand=com.vs18.tvdemoapp.player.VideoPlayerKt.VideoPlayer.<no name provided>
                          CALL 'public final fun create (value: kotlin.Any?, $completion: kotlin.coroutines.Continuation<kotlin.Nothing>): kotlin.coroutines.Continuation<kotlin.Unit> declared in com.vs18.tvdemoapp.player.VideoPlayerKt.VideoPlayer.<no name provided>' type=kotlin.coroutines.Continuation<kotlin.Unit> origin=null
                            ARG <this>: GET_VAR '<this>: com.vs18.tvdemoapp.player.VideoPlayerKt.VideoPlayer.<no name provided> declared in com.vs18.tvdemoapp.player.VideoPlayerKt.VideoPlayer.<no name provided>.invoke' type=com.vs18.tvdemoapp.player.VideoPlayerKt.VideoPlayer.<no name provided> origin=null
                            ARG value: GET_VAR 'p1: kotlinx.coroutines.CoroutineScope declared in com.vs18.tvdemoapp.player.VideoPlayerKt.VideoPlayer.<no name provided>.invoke' type=kotlinx.coroutines.CoroutineScope origin=null
                            ARG $completion: GET_VAR 'p2: kotlin.coroutines.Continuation<kotlin.Unit>? declared in com.vs18.tvdemoapp.player.VideoPlayerKt.VideoPlayer.<no name provided>.invoke' type=kotlin.coroutines.Continuation<kotlin.Unit>? origin=null
                        ARG $result: CALL 'public final fun <unsafe-coerce> <T, R> (v: T of kotlin.jvm.internal.<unsafe-coerce>): R of kotlin.jvm.internal.<unsafe-coerce> declared in kotlin.jvm.internal' type=kotlin.Result<kotlin.Any?> origin=null
                          TYPE_ARG T: kotlin.Any?
                          TYPE_ARG R: kotlin.Result<kotlin.Any?>
                          ARG v: GET_FIELD 'FIELD FIELD_FOR_OBJECT_INSTANCE name:INSTANCE type:kotlin.Unit visibility:public [final,static] declared in kotlin.Unit' type=kotlin.Unit origin=null
                FIELD FIELD_FOR_CAPTURED_VALUE name:$onError type:kotlin.Function1<kotlin.String, kotlin.Unit> visibility:public/*package*/ [final]
                FUN BRIDGE name:invoke visibility:public modality:OPEN returnType:kotlin.Any?
                  VALUE_PARAMETER INSTANCE_RECEIVER kind:DispatchReceiver name:<this> index:0 type:com.vs18.tvdemoapp.player.VideoPlayerKt.VideoPlayer.<no name provided>
                  VALUE_PARAMETER BRIDGE kind:Regular name:p1 index:1 type:kotlin.Any?
                  VALUE_PARAMETER BRIDGE kind:Regular name:p2 index:2 type:kotlin.Any?
                  EXPRESSION_BODY
                    RETURN type=kotlin.Nothing from='public open fun invoke (p1: kotlin.Any?, p2: kotlin.Any?): kotlin.Any? declared in com.vs18.tvdemoapp.player.VideoPlayerKt.VideoPlayer.<no name provided>'
                      CALL 'public final fun invoke (p1: kotlinx.coroutines.CoroutineScope, p2: kotlin.coroutines.Continuation<kotlin.Unit>?): kotlin.Any? declared in com.vs18.tvdemoapp.player.VideoPlayerKt.VideoPlayer.<no name provided>' type=kotlin.Any? origin=BRIDGE_DELEGATION
                        ARG <this>: GET_VAR '<this>: com.vs18.tvdemoapp.player.VideoPlayerKt.VideoPlayer.<no name provided> declared in com.vs18.tvdemoapp.player.VideoPlayerKt.VideoPlayer.<no name provided>.invoke' type=com.vs18.tvdemoapp.player.VideoPlayerKt.VideoPlayer.<no name provided> origin=null
                        ARG p1: TYPE_OP type=kotlinx.coroutines.CoroutineScope origin=IMPLICIT_CAST typeOperand=kotlinx.coroutines.CoroutineScope
                          GET_VAR 'p1: kotlin.Any? declared in com.vs18.tvdemoapp.player.VideoPlayerKt.VideoPlayer.<no name provided>.invoke' type=kotlin.Any? origin=null
                        ARG p2: TYPE_OP type=kotlin.coroutines.Continuation<*> origin=IMPLICIT_CAST typeOperand=kotlin.coroutines.Continuation<*>
                          GET_VAR 'p2: kotlin.Any? declared in com.vs18.tvdemoapp.player.VideoPlayerKt.VideoPlayer.<no name provided>.invoke' type=kotlin.Any? origin=null
              CONSTRUCTOR_CALL 'public/*package*/ constructor <init> ($onError: kotlin.Function1<kotlin.String, kotlin.Unit>, $completion: kotlin.coroutines.Continuation<com.vs18.tvdemoapp.player.VideoPlayerKt.VideoPlayer.<no name provided>>?) [primary] declared in com.vs18.tvdemoapp.player.VideoPlayerKt.VideoPlayer.<no name provided>' type=com.vs18.tvdemoapp.player.VideoPlayerKt.VideoPlayer.<no name provided> origin=null
                ARG $onError: GET_VAR 'onError: kotlin.Function1<kotlin.String, kotlin.Unit> declared in com.vs18.tvdemoapp.player.VideoPlayerKt.VideoPlayer' type=kotlin.Function1<kotlin.String, kotlin.Unit> origin=null
                ARG $completion: CONST Null type=kotlin.Nothing? value=null
          RETURN type=kotlin.Nothing from='public final fun VideoPlayer (movie: com.vs18.tvdemoapp.core.model.Movie?, isOfflineMode: kotlin.Boolean, isNetworkAvailable: kotlin.Function0<kotlin.Boolean>, onError: kotlin.Function1<kotlin.String, kotlin.Unit>): kotlin.Unit declared in com.vs18.tvdemoapp.player.VideoPlayerKt'
            GET_FIELD 'FIELD FIELD_FOR_OBJECT_INSTANCE name:INSTANCE type:kotlin.Unit visibility:public [final,static] declared in kotlin.Unit' type=kotlin.Unit origin=null
    VAR name:player type:com.google.android.exoplayer2.SimpleExoPlayer [val]
      BLOCK type=com.google.android.exoplayer2.SimpleExoPlayer origin=null
        VAR IR_TEMPORARY_VARIABLE name:tmp0 type:kotlin.Any? [val]
          CALL 'public open fun build (): @[EnhancedNullability] com.google.android.exoplayer2.SimpleExoPlayer declared in com.google.android.exoplayer2.SimpleExoPlayer.Builder' type=@[EnhancedNullability] com.google.android.exoplayer2.SimpleExoPlayer origin=null
            ARG <this>: CONSTRUCTOR_CALL 'public constructor <init> (p0: @[EnhancedNullability] android.content.Context) declared in com.google.android.exoplayer2.SimpleExoPlayer.Builder' type=com.google.android.exoplayer2.SimpleExoPlayer.Builder origin=null
              ARG p0: GET_VAR 'val context: android.content.Context [val] declared in com.vs18.tvdemoapp.player.VideoPlayerKt.VideoPlayer' type=android.content.Context origin=null
        CALL 'public final fun checkNotNullExpressionValue (value: kotlin.Any?, expression: kotlin.String): kotlin.Unit declared in kotlin.jvm.internal.Intrinsics' type=kotlin.Unit origin=null
          ARG value: GET_VAR 'val tmp0: kotlin.Any? [val] declared in com.vs18.tvdemoapp.player.VideoPlayerKt.VideoPlayer' type=kotlin.Any? origin=null
          ARG expression: CONST String type=kotlin.String value="build(...)"
        GET_VAR 'val tmp0: kotlin.Any? [val] declared in com.vs18.tvdemoapp.player.VideoPlayerKt.VideoPlayer' type=kotlin.Any? origin=null
    VAR name:playerView type:com.google.android.exoplayer2.ui.PlayerView [val]
      CALL 'public final fun apply <T> (<this>: T of kotlin.StandardKt.apply, block: @[ExtensionFunctionType] kotlin.Function1<T of kotlin.StandardKt.apply, kotlin.Unit>): T of kotlin.StandardKt.apply [inline] declared in kotlin.StandardKt' type=com.google.android.exoplayer2.ui.PlayerView origin=null
        TYPE_ARG T: com.google.android.exoplayer2.ui.PlayerView
        ARG <this>: CONSTRUCTOR_CALL 'public constructor <init> (p0: @[EnhancedNullability] android.content.Context) declared in com.google.android.exoplayer2.ui.PlayerView' type=com.google.android.exoplayer2.ui.PlayerView origin=null
          ARG p0: GET_VAR 'val context: android.content.Context [val] declared in com.vs18.tvdemoapp.player.VideoPlayerKt.VideoPlayer' type=android.content.Context origin=null
        ARG block: BLOCK type=@[ExtensionFunctionType] kotlin.Function1<com.google.android.exoplayer2.ui.PlayerView, kotlin.Unit> origin=LAMBDA
          COMPOSITE type=kotlin.Unit origin=null
          FUNCTION_REFERENCE 'private final fun VideoPlayer$lambda$1 ($this$apply: com.google.android.exoplayer2.ui.PlayerView, $player: com.google.android.exoplayer2.SimpleExoPlayer): kotlin.Unit declared in com.vs18.tvdemoapp.player.VideoPlayerKt' type=@[ExtensionFunctionType] kotlin.Function1<com.google.android.exoplayer2.ui.PlayerView, kotlin.Unit> origin=INLINE_LAMBDA reflectionTarget=null
            ARG $player: GET_VAR 'val player: com.google.android.exoplayer2.SimpleExoPlayer [val] declared in com.vs18.tvdemoapp.player.VideoPlayerKt.VideoPlayer' type=com.google.android.exoplayer2.SimpleExoPlayer origin=null
    CALL 'public final fun LaunchedEffect (key1: kotlin.Any?, block: @[ExtensionFunctionType] kotlin.coroutines.SuspendFunction1<kotlinx.coroutines.CoroutineScope, kotlin.Unit>): kotlin.Unit declared in androidx.compose.runtime.EffectsKt' type=kotlin.Unit origin=null
      ARG key1: CALL 'private final fun VideoPlayer$lambda$0 ($playerState$delegate: androidx.compose.runtime.State<com.vs18.tvdemoapp.core.model.Movie?>): com.vs18.tvdemoapp.core.model.Movie? declared in com.vs18.tvdemoapp.player.VideoPlayerKt' type=com.vs18.tvdemoapp.core.model.Movie? origin=GET_LOCAL_PROPERTY
        ARG $playerState$delegate: GET_VAR 'val playerState$delegate: androidx.compose.runtime.State<com.vs18.tvdemoapp.core.model.Movie?> [val] declared in com.vs18.tvdemoapp.player.VideoPlayerKt.VideoPlayer' type=androidx.compose.runtime.State<com.vs18.tvdemoapp.core.model.Movie?> origin=null
      ARG block: BLOCK type=com.vs18.tvdemoapp.player.VideoPlayerKt.VideoPlayer.<no name provided> origin=null
        CLASS SUSPEND_LAMBDA CLASS name:<no name provided> modality:FINAL visibility:public/*package*/ superTypes:[kotlin.coroutines.jvm.internal.SuspendLambda; kotlin.jvm.functions.Function2<kotlinx.coroutines.CoroutineScope, kotlin.coroutines.Continuation<kotlin.Unit>?, kotlin.Any?>]
          thisReceiver: VALUE_PARAMETER INSTANCE_RECEIVER kind:DispatchReceiver name:<this> type:com.vs18.tvdemoapp.player.VideoPlayerKt.VideoPlayer.<no name provided>
          FIELD name:label type:kotlin.Int visibility:public/*package*/
          CONSTRUCTOR SUSPEND_LAMBDA visibility:public/*package*/ returnType:com.vs18.tvdemoapp.player.VideoPlayerKt.VideoPlayer.<no name provided> [primary]
            VALUE_PARAMETER BOUND_VALUE_PARAMETER kind:Regular name:$movie index:0 type:com.vs18.tvdemoapp.core.model.Movie?
            VALUE_PARAMETER BOUND_VALUE_PARAMETER kind:Regular name:$player index:1 type:com.google.android.exoplayer2.SimpleExoPlayer
            VALUE_PARAMETER BOUND_VALUE_PARAMETER kind:Regular name:$onError index:2 type:kotlin.Function1<kotlin.String, kotlin.Unit>
            VALUE_PARAMETER kind:Regular name:$completion index:3 type:kotlin.coroutines.Continuation<com.vs18.tvdemoapp.player.VideoPlayerKt.VideoPlayer.<no name provided>>?
            BLOCK_BODY
              SET_FIELD 'FIELD FIELD_FOR_CAPTURED_VALUE name:$movie type:com.vs18.tvdemoapp.core.model.Movie? visibility:public/*package*/ [final] declared in com.vs18.tvdemoapp.player.VideoPlayerKt.VideoPlayer.<no name provided>' type=kotlin.Unit origin=INITIALIZER_OF_FIELD_FOR_CAPTURED_VALUE
                receiver: GET_VAR '<this>: com.vs18.tvdemoapp.player.VideoPlayerKt.VideoPlayer.<no name provided> declared in com.vs18.tvdemoapp.player.VideoPlayerKt.VideoPlayer.<no name provided>' type=com.vs18.tvdemoapp.player.VideoPlayerKt.VideoPlayer.<no name provided> origin=null
                value: GET_VAR '$movie: com.vs18.tvdemoapp.core.model.Movie? declared in com.vs18.tvdemoapp.player.VideoPlayerKt.VideoPlayer.<no name provided>.<init>' type=com.vs18.tvdemoapp.core.model.Movie? origin=null
              SET_FIELD 'FIELD FIELD_FOR_CAPTURED_VALUE name:$player type:com.google.android.exoplayer2.SimpleExoPlayer visibility:public/*package*/ [final] declared in com.vs18.tvdemoapp.player.VideoPlayerKt.VideoPlayer.<no name provided>' type=kotlin.Unit origin=INITIALIZER_OF_FIELD_FOR_CAPTURED_VALUE
                receiver: GET_VAR '<this>: com.vs18.tvdemoapp.player.VideoPlayerKt.VideoPlayer.<no name provided> declared in com.vs18.tvdemoapp.player.VideoPlayerKt.VideoPlayer.<no name provided>' type=com.vs18.tvdemoapp.player.VideoPlayerKt.VideoPlayer.<no name provided> origin=null
                value: GET_VAR '$player: com.google.android.exoplayer2.SimpleExoPlayer declared in com.vs18.tvdemoapp.player.VideoPlayerKt.VideoPlayer.<no name provided>.<init>' type=com.google.android.exoplayer2.SimpleExoPlayer origin=null
              SET_FIELD 'FIELD FIELD_FOR_CAPTURED_VALUE name:$onError type:kotlin.Function1<kotlin.String, kotlin.Unit> visibility:public/*package*/ [final] declared in com.vs18.tvdemoapp.player.VideoPlayerKt.VideoPlayer.<no name provided>' type=kotlin.Unit origin=INITIALIZER_OF_FIELD_FOR_CAPTURED_VALUE
                receiver: GET_VAR '<this>: com.vs18.tvdemoapp.player.VideoPlayerKt.VideoPlayer.<no name provided> declared in com.vs18.tvdemoapp.player.VideoPlayerKt.VideoPlayer.<no name provided>' type=com.vs18.tvdemoapp.player.VideoPlayerKt.VideoPlayer.<no name provided> origin=null
                value: GET_VAR '$onError: kotlin.Function1<kotlin.String, kotlin.Unit> declared in com.vs18.tvdemoapp.player.VideoPlayerKt.VideoPlayer.<no name provided>.<init>' type=kotlin.Function1<kotlin.String, kotlin.Unit> origin=null
              DELEGATING_CONSTRUCTOR_CALL 'public constructor <init> (arity: kotlin.Int, $completion: kotlin.coroutines.Continuation<kotlin.Any?>?) declared in kotlin.coroutines.jvm.internal.SuspendLambda'
                ARG arity: CONST Int type=kotlin.Int value=2
                ARG $completion: GET_VAR '$completion: kotlin.coroutines.Continuation<com.vs18.tvdemoapp.player.VideoPlayerKt.VideoPlayer.<no name provided>>? declared in com.vs18.tvdemoapp.player.VideoPlayerKt.VideoPlayer.<no name provided>.<init>' type=kotlin.coroutines.Continuation<com.vs18.tvdemoapp.player.VideoPlayerKt.VideoPlayer.<no name provided>>? origin=null
              BLOCK type=kotlin.Unit origin=null
          FUN name:invokeSuspend visibility:public modality:FINAL returnType:kotlin.Any?
            VALUE_PARAMETER INSTANCE_RECEIVER kind:DispatchReceiver name:<this> index:0 type:com.vs18.tvdemoapp.player.VideoPlayerKt.VideoPlayer.<no name provided>
            VALUE_PARAMETER kind:Regular name:$result index:1 type:kotlin.Result<kotlin.Any?>
            overridden:
              protected abstract fun invokeSuspend ($result: kotlin.Result<kotlin.Any?>): kotlin.Any? declared in kotlin.coroutines.jvm.internal.SuspendLambda
            BLOCK_BODY
              TRY type=kotlin.Unit
                try: BLOCK type=kotlin.Unit origin=null
                  VAR name:builder type:com.google.android.exoplayer2.MediaItem.Builder [val]
                    BLOCK type=com.google.android.exoplayer2.MediaItem.Builder origin=null
                      VAR IR_TEMPORARY_VARIABLE name:tmp0 type:kotlin.Any? [val]
                        CALL 'public open fun setUri (p0: @[EnhancedNullability] kotlin.String?): @[EnhancedNullability] com.google.android.exoplayer2.MediaItem.Builder declared in com.google.android.exoplayer2.MediaItem.Builder' type=@[EnhancedNullability] com.google.android.exoplayer2.MediaItem.Builder origin=null
                          ARG <this>: CONSTRUCTOR_CALL 'public constructor <init> () declared in com.google.android.exoplayer2.MediaItem.Builder' type=com.google.android.exoplayer2.MediaItem.Builder origin=null
                          ARG p0: CALL 'public final fun <get-videoUrl> (): kotlin.String? declared in com.vs18.tvdemoapp.core.model.Movie' type=kotlin.String? origin=GET_PROPERTY
                            ARG <this>: TYPE_OP type=com.vs18.tvdemoapp.core.model.Movie origin=IMPLICIT_CAST typeOperand=com.vs18.tvdemoapp.core.model.Movie
                              GET_FIELD 'FIELD FIELD_FOR_CAPTURED_VALUE name:$movie type:com.vs18.tvdemoapp.core.model.Movie? visibility:public/*package*/ [final] declared in com.vs18.tvdemoapp.player.VideoPlayerKt.VideoPlayer.<no name provided>' type=com.vs18.tvdemoapp.core.model.Movie? origin=null
                                receiver: GET_VAR '<this>: com.vs18.tvdemoapp.player.VideoPlayerKt.VideoPlayer.<no name provided> declared in com.vs18.tvdemoapp.player.VideoPlayerKt.VideoPlayer.<no name provided>.invokeSuspend' type=com.vs18.tvdemoapp.player.VideoPlayerKt.VideoPlayer.<no name provided> origin=null
                      CALL 'public final fun checkNotNullExpressionValue (value: kotlin.Any?, expression: kotlin.String): kotlin.Unit declared in kotlin.jvm.internal.Intrinsics' type=kotlin.Unit origin=null
                        ARG value: GET_VAR 'val tmp0: kotlin.Any? [val] declared in com.vs18.tvdemoapp.player.VideoPlayerKt.VideoPlayer.<no name provided>.invokeSuspend' type=kotlin.Any? origin=null
                        ARG expression: CONST String type=kotlin.String value="setUri(...)"
                      GET_VAR 'val tmp0: kotlin.Any? [val] declared in com.vs18.tvdemoapp.player.VideoPlayerKt.VideoPlayer.<no name provided>.invokeSuspend' type=kotlin.Any? origin=null
                  COMPOSITE type=kotlin.Unit origin=null
                    BLOCK type=kotlin.Any? origin=FOLDED_SAFE_CALL
                      WHEN type=kotlin.Any? origin=FOLDED_SAFE_CALL
                        BRANCH
                          if: CALL 'public final fun ANDAND (arg0: kotlin.Boolean, arg1: kotlin.Boolean): kotlin.Boolean declared in kotlin.internal.ir' type=kotlin.Boolean origin=null
                            ARG arg0: COMPOSITE type=kotlin.Boolean origin=null
                              VAR IR_TEMPORARY_VARIABLE name:tmp0_safe_receiver type:kotlin.String? [val]
                                CALL 'public final fun <get-subtitleUrl> (): kotlin.String? declared in com.vs18.tvdemoapp.core.model.Movie' type=kotlin.String? origin=GET_PROPERTY
                                  ARG <this>: TYPE_OP type=com.vs18.tvdemoapp.core.model.Movie origin=IMPLICIT_CAST typeOperand=com.vs18.tvdemoapp.core.model.Movie
                                    GET_FIELD 'FIELD FIELD_FOR_CAPTURED_VALUE name:$movie type:com.vs18.tvdemoapp.core.model.Movie? visibility:public/*package*/ [final] declared in com.vs18.tvdemoapp.player.VideoPlayerKt.VideoPlayer.<no name provided>' type=com.vs18.tvdemoapp.core.model.Movie? origin=null
                                      receiver: GET_VAR '<this>: com.vs18.tvdemoapp.player.VideoPlayerKt.VideoPlayer.<no name provided> declared in com.vs18.tvdemoapp.player.VideoPlayerKt.VideoPlayer.<no name provided>.invokeSuspend' type=com.vs18.tvdemoapp.player.VideoPlayerKt.VideoPlayer.<no name provided> origin=null
                              CALL 'public final fun not (): kotlin.Boolean [operator] declared in kotlin.Boolean' type=kotlin.Boolean origin=null
                                ARG <this>: CALL 'public final fun EQEQ (arg0: kotlin.Any?, arg1: kotlin.Any?): kotlin.Boolean declared in kotlin.internal.ir' type=kotlin.Boolean origin=null
                                  ARG arg0: GET_VAR 'val tmp0_safe_receiver: kotlin.String? [val] declared in com.vs18.tvdemoapp.player.VideoPlayerKt.VideoPlayer.<no name provided>.invokeSuspend' type=kotlin.String? origin=null
                                  ARG arg1: CONST Null type=kotlin.Nothing? value=null
                            ARG arg1: COMPOSITE type=kotlin.Boolean origin=null
                              VAR IR_TEMPORARY_VARIABLE name:tmp1_safe_receiver type:kotlin.String? [val]
                                CALL 'public final fun takeIf <T> (<this>: T of kotlin.StandardKt.takeIf, predicate: kotlin.Function1<T of kotlin.StandardKt.takeIf, kotlin.Boolean>): T of kotlin.StandardKt.takeIf? [inline] declared in kotlin.StandardKt' type=kotlin.String? origin=null
                                  TYPE_ARG T: kotlin.String
                                  ARG <this>: TYPE_OP type=kotlin.String origin=IMPLICIT_CAST typeOperand=kotlin.String
                                    GET_VAR 'val tmp0_safe_receiver: kotlin.String? [val] declared in com.vs18.tvdemoapp.player.VideoPlayerKt.VideoPlayer.<no name provided>.invokeSuspend' type=kotlin.String? origin=null
                                  ARG predicate: BLOCK type=kotlin.Function1<kotlin.String, kotlin.Boolean> origin=LAMBDA
                                    COMPOSITE type=kotlin.Unit origin=null
                                    FUNCTION_REFERENCE 'private final fun invokeSuspend$lambda$0 (it: kotlin.String): kotlin.Boolean declared in com.vs18.tvdemoapp.player.VideoPlayerKt.VideoPlayer.<no name provided>' type=kotlin.Function1<kotlin.String, kotlin.Boolean> origin=INLINE_LAMBDA reflectionTarget=null
                              CALL 'public final fun not (): kotlin.Boolean [operator] declared in kotlin.Boolean' type=kotlin.Boolean origin=null
                                ARG <this>: CALL 'public final fun EQEQ (arg0: kotlin.Any?, arg1: kotlin.Any?): kotlin.Boolean declared in kotlin.internal.ir' type=kotlin.Boolean origin=null
                                  ARG arg0: GET_VAR 'val tmp1_safe_receiver: kotlin.String? [val] declared in com.vs18.tvdemoapp.player.VideoPlayerKt.VideoPlayer.<no name provided>.invokeSuspend' type=kotlin.String? origin=null
                                  ARG arg1: CONST Null type=kotlin.Nothing? value=null
                          then: CALL 'public final fun let <T, R> (<this>: T of kotlin.StandardKt.let, block: kotlin.Function1<T of kotlin.StandardKt.let, R of kotlin.StandardKt.let>): R of kotlin.StandardKt.let [inline] declared in kotlin.StandardKt' type=kotlin.Any origin=null
                            TYPE_ARG T: kotlin.String
                            TYPE_ARG R: kotlin.Any
                            ARG <this>: TYPE_OP type=kotlin.String origin=IMPLICIT_CAST typeOperand=kotlin.String
                              GET_VAR 'val tmp1_safe_receiver: kotlin.String? [val] declared in com.vs18.tvdemoapp.player.VideoPlayerKt.VideoPlayer.<no name provided>.invokeSuspend' type=kotlin.String? origin=null
                            ARG block: BLOCK type=kotlin.Function1<kotlin.String, kotlin.Any> origin=LAMBDA
                              COMPOSITE type=kotlin.Unit origin=null
                              FUNCTION_REFERENCE 'private final fun invokeSuspend$lambda$1 ($builder: com.google.android.exoplayer2.MediaItem.Builder, $onError: kotlin.Function1<kotlin.String, kotlin.Unit>, $movie: com.vs18.tvdemoapp.core.model.Movie?, subs: kotlin.String): kotlin.Any declared in com.vs18.tvdemoapp.player.VideoPlayerKt.VideoPlayer.<no name provided>' type=kotlin.Function1<kotlin.String, kotlin.Any> origin=INLINE_LAMBDA reflectionTarget=null
                                ARG $builder: GET_VAR 'val builder: com.google.android.exoplayer2.MediaItem.Builder [val] declared in com.vs18.tvdemoapp.player.VideoPlayerKt.VideoPlayer.<no name provided>.invokeSuspend' type=com.google.android.exoplayer2.MediaItem.Builder origin=null
                                ARG $onError: GET_FIELD 'FIELD FIELD_FOR_CAPTURED_VALUE name:$onError type:kotlin.Function1<kotlin.String, kotlin.Unit> visibility:public/*package*/ [final] declared in com.vs18.tvdemoapp.player.VideoPlayerKt.VideoPlayer.<no name provided>' type=kotlin.Function1<kotlin.String, kotlin.Unit> origin=null
                                  receiver: GET_VAR '<this>: com.vs18.tvdemoapp.player.VideoPlayerKt.VideoPlayer.<no name provided> declared in com.vs18.tvdemoapp.player.VideoPlayerKt.VideoPlayer.<no name provided>.invokeSuspend' type=com.vs18.tvdemoapp.player.VideoPlayerKt.VideoPlayer.<no name provided> origin=null
                                ARG $movie: GET_FIELD 'FIELD FIELD_FOR_CAPTURED_VALUE name:$movie type:com.vs18.tvdemoapp.core.model.Movie? visibility:public/*package*/ [final] declared in com.vs18.tvdemoapp.player.VideoPlayerKt.VideoPlayer.<no name provided>' type=com.vs18.tvdemoapp.core.model.Movie? origin=null
                                  receiver: GET_VAR '<this>: com.vs18.tvdemoapp.player.VideoPlayerKt.VideoPlayer.<no name provided> declared in com.vs18.tvdemoapp.player.VideoPlayerKt.VideoPlayer.<no name provided>.invokeSuspend' type=com.vs18.tvdemoapp.player.VideoPlayerKt.VideoPlayer.<no name provided> origin=null
                        BRANCH
                          if: CONST Boolean type=kotlin.Boolean value=true
                          then: CONST Null type=kotlin.Nothing? value=null
                    COMPOSITE type=kotlin.Unit origin=null
                  CALL 'public final fun setMediaItem (p0: @[EnhancedNullability] com.google.android.exoplayer2.MediaItem): kotlin.Unit [fake_override] declared in com.google.android.exoplayer2.SimpleExoPlayer' type=kotlin.Unit origin=null
                    ARG <this>: GET_FIELD 'FIELD FIELD_FOR_CAPTURED_VALUE name:$player type:com.google.android.exoplayer2.SimpleExoPlayer visibility:public/*package*/ [final] declared in com.vs18.tvdemoapp.player.VideoPlayerKt.VideoPlayer.<no name provided>' type=com.google.android.exoplayer2.SimpleExoPlayer origin=null
                      receiver: GET_VAR '<this>: com.vs18.tvdemoapp.player.VideoPlayerKt.VideoPlayer.<no name provided> declared in com.vs18.tvdemoapp.player.VideoPlayerKt.VideoPlayer.<no name provided>.invokeSuspend' type=com.vs18.tvdemoapp.player.VideoPlayerKt.VideoPlayer.<no name provided> origin=null
                    ARG p0: CALL 'public open fun build (): @[EnhancedNullability] com.google.android.exoplayer2.MediaItem declared in com.google.android.exoplayer2.MediaItem.Builder' type=@[EnhancedNullability] com.google.android.exoplayer2.MediaItem origin=null
                      ARG <this>: GET_VAR 'val builder: com.google.android.exoplayer2.MediaItem.Builder [val] declared in com.vs18.tvdemoapp.player.VideoPlayerKt.VideoPlayer.<no name provided>.invokeSuspend' type=com.google.android.exoplayer2.MediaItem.Builder origin=null
                  CALL 'public open fun prepare (): kotlin.Unit declared in com.google.android.exoplayer2.SimpleExoPlayer' type=kotlin.Unit origin=null
                    ARG <this>: GET_FIELD 'FIELD FIELD_FOR_CAPTURED_VALUE name:$player type:com.google.android.exoplayer2.SimpleExoPlayer visibility:public/*package*/ [final] declared in com.vs18.tvdemoapp.player.VideoPlayerKt.VideoPlayer.<no name provided>' type=com.google.android.exoplayer2.SimpleExoPlayer origin=null
                      receiver: GET_VAR '<this>: com.vs18.tvdemoapp.player.VideoPlayerKt.VideoPlayer.<no name provided> declared in com.vs18.tvdemoapp.player.VideoPlayerKt.VideoPlayer.<no name provided>.invokeSuspend' type=com.vs18.tvdemoapp.player.VideoPlayerKt.VideoPlayer.<no name provided> origin=null
                  CALL 'public open fun setPlayWhenReady (p0: kotlin.Boolean): kotlin.Unit declared in com.google.android.exoplayer2.SimpleExoPlayer' type=kotlin.Unit origin=EQ
                    ARG <this>: GET_FIELD 'FIELD FIELD_FOR_CAPTURED_VALUE name:$player type:com.google.android.exoplayer2.SimpleExoPlayer visibility:public/*package*/ [final] declared in com.vs18.tvdemoapp.player.VideoPlayerKt.VideoPlayer.<no name provided>' type=com.google.android.exoplayer2.SimpleExoPlayer origin=null
                      receiver: GET_VAR '<this>: com.vs18.tvdemoapp.player.VideoPlayerKt.VideoPlayer.<no name provided> declared in com.vs18.tvdemoapp.player.VideoPlayerKt.VideoPlayer.<no name provided>.invokeSuspend' type=com.vs18.tvdemoapp.player.VideoPlayerKt.VideoPlayer.<no name provided> origin=null
                    ARG p0: CONST Boolean type=kotlin.Boolean value=true
                  CALL 'public open fun log (p0: @[EnhancedNullability] kotlin.String): kotlin.Unit declared in com.google.firebase.crashlytics.FirebaseCrashlytics' type=kotlin.Unit origin=null
                    ARG <this>: CALL 'public open fun getInstance (): @[EnhancedNullability] com.google.firebase.crashlytics.FirebaseCrashlytics declared in com.google.firebase.crashlytics.FirebaseCrashlytics' type=@[EnhancedNullability] com.google.firebase.crashlytics.FirebaseCrashlytics origin=null
                    ARG p0: STRING_CONCATENATION type=kotlin.String
                      CONST String type=kotlin.String value="Playing video: "
                      BLOCK type=kotlin.String origin=FOLDED_ELVIS
                        WHEN type=kotlin.String origin=FOLDED_ELVIS
                          BRANCH
                            if: COMPOSITE type=kotlin.Boolean origin=null
                              VAR IR_TEMPORARY_VARIABLE name:tmp2_elvis_lhs type:kotlin.String? [val]
                                CALL 'public final fun <get-title> (): kotlin.String? declared in com.vs18.tvdemoapp.core.model.Movie' type=kotlin.String? origin=GET_PROPERTY
                                  ARG <this>: TYPE_OP type=com.vs18.tvdemoapp.core.model.Movie origin=IMPLICIT_CAST typeOperand=com.vs18.tvdemoapp.core.model.Movie
                                    GET_FIELD 'FIELD FIELD_FOR_CAPTURED_VALUE name:$movie type:com.vs18.tvdemoapp.core.model.Movie? visibility:public/*package*/ [final] declared in com.vs18.tvdemoapp.player.VideoPlayerKt.VideoPlayer.<no name provided>' type=com.vs18.tvdemoapp.core.model.Movie? origin=null
                                      receiver: GET_VAR '<this>: com.vs18.tvdemoapp.player.VideoPlayerKt.VideoPlayer.<no name provided> declared in com.vs18.tvdemoapp.player.VideoPlayerKt.VideoPlayer.<no name provided>.invokeSuspend' type=com.vs18.tvdemoapp.player.VideoPlayerKt.VideoPlayer.<no name provided> origin=null
                              CALL 'public final fun not (): kotlin.Boolean [operator] declared in kotlin.Boolean' type=kotlin.Boolean origin=null
                                ARG <this>: CALL 'public final fun EQEQ (arg0: kotlin.Any?, arg1: kotlin.Any?): kotlin.Boolean declared in kotlin.internal.ir' type=kotlin.Boolean origin=null
                                  ARG arg0: GET_VAR 'val tmp2_elvis_lhs: kotlin.String? [val] declared in com.vs18.tvdemoapp.player.VideoPlayerKt.VideoPlayer.<no name provided>.invokeSuspend' type=kotlin.String? origin=null
                                  ARG arg1: CONST Null type=kotlin.Nothing? value=null
                            then: GET_VAR 'val tmp2_elvis_lhs: kotlin.String? [val] declared in com.vs18.tvdemoapp.player.VideoPlayerKt.VideoPlayer.<no name provided>.invokeSuspend' type=kotlin.String? origin=null
                          BRANCH
                            if: CONST Boolean type=kotlin.Boolean value=true
                            then: CONST String type=kotlin.String value="unknown"
                CATCH parameter=val e: java.lang.Exception [val] declared in com.vs18.tvdemoapp.player.VideoPlayerKt.VideoPlayer.<no name provided>.invokeSuspend
                  VAR CATCH_PARAMETER name:e type:java.lang.Exception [val]
                  BLOCK type=kotlin.Unit origin=null
                    CALL 'public open fun recordException (p0: @[EnhancedNullability] kotlin.Throwable): kotlin.Unit declared in com.google.firebase.crashlytics.FirebaseCrashlytics' type=kotlin.Unit origin=null
                      ARG <this>: CALL 'public open fun getInstance (): @[EnhancedNullability] com.google.firebase.crashlytics.FirebaseCrashlytics declared in com.google.firebase.crashlytics.FirebaseCrashlytics' type=@[EnhancedNullability] com.google.firebase.crashlytics.FirebaseCrashlytics origin=null
                      ARG p0: GET_VAR 'val e: java.lang.Exception [val] declared in com.vs18.tvdemoapp.player.VideoPlayerKt.VideoPlayer.<no name provided>.invokeSuspend' type=java.lang.Exception origin=null
                    VAR name:errorMessage type:kotlin.String [val]
                      STRING_CONCATENATION type=kotlin.String
                        CONST String type=kotlin.String value="Failed to play video: "
                        BLOCK type=kotlin.String origin=FOLDED_ELVIS
                          WHEN type=kotlin.String origin=FOLDED_ELVIS
                            BRANCH
                              if: COMPOSITE type=kotlin.Boolean origin=null
                                VAR IR_TEMPORARY_VARIABLE name:tmp3_elvis_lhs type:kotlin.String? [val]
                                  CALL 'public open fun <get-message> (): kotlin.String? [fake_override] declared in java.lang.Exception' type=kotlin.String? origin=GET_PROPERTY
                                    ARG <this>: GET_VAR 'val e: java.lang.Exception [val] declared in com.vs18.tvdemoapp.player.VideoPlayerKt.VideoPlayer.<no name provided>.invokeSuspend' type=java.lang.Exception origin=null
                                CALL 'public final fun not (): kotlin.Boolean [operator] declared in kotlin.Boolean' type=kotlin.Boolean origin=null
                                  ARG <this>: CALL 'public final fun EQEQ (arg0: kotlin.Any?, arg1: kotlin.Any?): kotlin.Boolean declared in kotlin.internal.ir' type=kotlin.Boolean origin=null
                                    ARG arg0: GET_VAR 'val tmp3_elvis_lhs: kotlin.String? [val] declared in com.vs18.tvdemoapp.player.VideoPlayerKt.VideoPlayer.<no name provided>.invokeSuspend' type=kotlin.String? origin=null
                                    ARG arg1: CONST Null type=kotlin.Nothing? value=null
                              then: GET_VAR 'val tmp3_elvis_lhs: kotlin.String? [val] declared in com.vs18.tvdemoapp.player.VideoPlayerKt.VideoPlayer.<no name provided>.invokeSuspend' type=kotlin.String? origin=null
                            BRANCH
                              if: CONST Boolean type=kotlin.Boolean value=true
                              then: CONST String type=kotlin.String value="Unknown error"
                    CALL 'public abstract fun invoke (p1: P1 of kotlin.Function1): R of kotlin.Function1 [operator] declared in kotlin.Function1' type=kotlin.Unit origin=INVOKE
                      ARG <this>: GET_FIELD 'FIELD FIELD_FOR_CAPTURED_VALUE name:$onError type:kotlin.Function1<kotlin.String, kotlin.Unit> visibility:public/*package*/ [final] declared in com.vs18.tvdemoapp.player.VideoPlayerKt.VideoPlayer.<no name provided>' type=kotlin.Function1<kotlin.String, kotlin.Unit> origin=null
                        receiver: GET_VAR '<this>: com.vs18.tvdemoapp.player.VideoPlayerKt.VideoPlayer.<no name provided> declared in com.vs18.tvdemoapp.player.VideoPlayerKt.VideoPlayer.<no name provided>.invokeSuspend' type=com.vs18.tvdemoapp.player.VideoPlayerKt.VideoPlayer.<no name provided> origin=null
                      ARG p1: GET_VAR 'val errorMessage: kotlin.String [val] declared in com.vs18.tvdemoapp.player.VideoPlayerKt.VideoPlayer.<no name provided>.invokeSuspend' type=kotlin.String origin=null
          FUN name:create visibility:public modality:FINAL returnType:kotlin.coroutines.Continuation<kotlin.Unit>
            VALUE_PARAMETER INSTANCE_RECEIVER kind:DispatchReceiver name:<this> index:0 type:com.vs18.tvdemoapp.player.VideoPlayerKt.VideoPlayer.<no name provided>
            VALUE_PARAMETER kind:Regular name:value index:1 type:kotlin.Any?
            VALUE_PARAMETER kind:Regular name:$completion index:2 type:kotlin.coroutines.Continuation<kotlin.Nothing>
            overridden:
              public open fun create (value: kotlin.Any?, $completion: kotlin.coroutines.Continuation<kotlin.Nothing>): kotlin.coroutines.Continuation<kotlin.Unit> declared in kotlin.coroutines.jvm.internal.SuspendLambda
            BLOCK_BODY
              RETURN type=kotlin.Nothing from='public final fun create (value: kotlin.Any?, $completion: kotlin.coroutines.Continuation<kotlin.Nothing>): kotlin.coroutines.Continuation<kotlin.Unit> declared in com.vs18.tvdemoapp.player.VideoPlayerKt.VideoPlayer.<no name provided>'
                CONSTRUCTOR_CALL 'public/*package*/ constructor <init> ($movie: com.vs18.tvdemoapp.core.model.Movie?, $player: com.google.android.exoplayer2.SimpleExoPlayer, $onError: kotlin.Function1<kotlin.String, kotlin.Unit>, $completion: kotlin.coroutines.Continuation<com.vs18.tvdemoapp.player.VideoPlayerKt.VideoPlayer.<no name provided>>?) [primary] declared in com.vs18.tvdemoapp.player.VideoPlayerKt.VideoPlayer.<no name provided>' type=com.vs18.tvdemoapp.player.VideoPlayerKt.VideoPlayer.<no name provided> origin=null
                  ARG $movie: GET_FIELD 'FIELD FIELD_FOR_CAPTURED_VALUE name:$movie type:com.vs18.tvdemoapp.core.model.Movie? visibility:public/*package*/ [final] declared in com.vs18.tvdemoapp.player.VideoPlayerKt.VideoPlayer.<no name provided>' type=com.vs18.tvdemoapp.core.model.Movie? origin=null
                    receiver: GET_VAR '<this>: com.vs18.tvdemoapp.player.VideoPlayerKt.VideoPlayer.<no name provided> declared in com.vs18.tvdemoapp.player.VideoPlayerKt.VideoPlayer.<no name provided>.create' type=com.vs18.tvdemoapp.player.VideoPlayerKt.VideoPlayer.<no name provided> origin=null
                  ARG $player: GET_FIELD 'FIELD FIELD_FOR_CAPTURED_VALUE name:$player type:com.google.android.exoplayer2.SimpleExoPlayer visibility:public/*package*/ [final] declared in com.vs18.tvdemoapp.player.VideoPlayerKt.VideoPlayer.<no name provided>' type=com.google.android.exoplayer2.SimpleExoPlayer origin=null
                    receiver: GET_VAR '<this>: com.vs18.tvdemoapp.player.VideoPlayerKt.VideoPlayer.<no name provided> declared in com.vs18.tvdemoapp.player.VideoPlayerKt.VideoPlayer.<no name provided>.create' type=com.vs18.tvdemoapp.player.VideoPlayerKt.VideoPlayer.<no name provided> origin=null
                  ARG $onError: GET_FIELD 'FIELD FIELD_FOR_CAPTURED_VALUE name:$onError type:kotlin.Function1<kotlin.String, kotlin.Unit> visibility:public/*package*/ [final] declared in com.vs18.tvdemoapp.player.VideoPlayerKt.VideoPlayer.<no name provided>' type=kotlin.Function1<kotlin.String, kotlin.Unit> origin=null
                    receiver: GET_VAR '<this>: com.vs18.tvdemoapp.player.VideoPlayerKt.VideoPlayer.<no name provided> declared in com.vs18.tvdemoapp.player.VideoPlayerKt.VideoPlayer.<no name provided>.create' type=com.vs18.tvdemoapp.player.VideoPlayerKt.VideoPlayer.<no name provided> origin=null
                  ARG $completion: GET_VAR '$completion: kotlin.coroutines.Continuation<kotlin.Nothing> declared in com.vs18.tvdemoapp.player.VideoPlayerKt.VideoPlayer.<no name provided>.create' type=kotlin.coroutines.Continuation<kotlin.Nothing> origin=null
          FUN name:invoke visibility:public modality:FINAL returnType:kotlin.Any?
            VALUE_PARAMETER INSTANCE_RECEIVER kind:DispatchReceiver name:<this> index:0 type:com.vs18.tvdemoapp.player.VideoPlayerKt.VideoPlayer.<no name provided>
            VALUE_PARAMETER kind:Regular name:p1 index:1 type:kotlinx.coroutines.CoroutineScope
            VALUE_PARAMETER kind:Regular name:p2 index:2 type:kotlin.coroutines.Continuation<kotlin.Unit>?
            overridden:
              public abstract fun invoke (p1: P1 of kotlin.jvm.functions.Function2, p2: P2 of kotlin.jvm.functions.Function2): R of kotlin.jvm.functions.Function2 declared in kotlin.jvm.functions.Function2
            BLOCK_BODY
              RETURN type=kotlin.Nothing from='public final fun invoke (p1: kotlinx.coroutines.CoroutineScope, p2: kotlin.coroutines.Continuation<kotlin.Unit>?): kotlin.Any? declared in com.vs18.tvdemoapp.player.VideoPlayerKt.VideoPlayer.<no name provided>'
                CALL 'public final fun invokeSuspend ($result: kotlin.Result<kotlin.Any?>): kotlin.Any? declared in com.vs18.tvdemoapp.player.VideoPlayerKt.VideoPlayer.<no name provided>' type=kotlin.Any? origin=null
                  ARG <this>: TYPE_OP type=com.vs18.tvdemoapp.player.VideoPlayerKt.VideoPlayer.<no name provided> origin=IMPLICIT_CAST typeOperand=com.vs18.tvdemoapp.player.VideoPlayerKt.VideoPlayer.<no name provided>
                    CALL 'public final fun create (value: kotlin.Any?, $completion: kotlin.coroutines.Continuation<kotlin.Nothing>): kotlin.coroutines.Continuation<kotlin.Unit> declared in com.vs18.tvdemoapp.player.VideoPlayerKt.VideoPlayer.<no name provided>' type=kotlin.coroutines.Continuation<kotlin.Unit> origin=null
                      ARG <this>: GET_VAR '<this>: com.vs18.tvdemoapp.player.VideoPlayerKt.VideoPlayer.<no name provided> declared in com.vs18.tvdemoapp.player.VideoPlayerKt.VideoPlayer.<no name provided>.invoke' type=com.vs18.tvdemoapp.player.VideoPlayerKt.VideoPlayer.<no name provided> origin=null
                      ARG value: GET_VAR 'p1: kotlinx.coroutines.CoroutineScope declared in com.vs18.tvdemoapp.player.VideoPlayerKt.VideoPlayer.<no name provided>.invoke' type=kotlinx.coroutines.CoroutineScope origin=null
                      ARG $completion: GET_VAR 'p2: kotlin.coroutines.Continuation<kotlin.Unit>? declared in com.vs18.tvdemoapp.player.VideoPlayerKt.VideoPlayer.<no name provided>.invoke' type=kotlin.coroutines.Continuation<kotlin.Unit>? origin=null
                  ARG $result: CALL 'public final fun <unsafe-coerce> <T, R> (v: T of kotlin.jvm.internal.<unsafe-coerce>): R of kotlin.jvm.internal.<unsafe-coerce> declared in kotlin.jvm.internal' type=kotlin.Result<kotlin.Any?> origin=null
                    TYPE_ARG T: kotlin.Any?
                    TYPE_ARG R: kotlin.Result<kotlin.Any?>
                    ARG v: GET_FIELD 'FIELD FIELD_FOR_OBJECT_INSTANCE name:INSTANCE type:kotlin.Unit visibility:public [final,static] declared in kotlin.Unit' type=kotlin.Unit origin=null
          FIELD FIELD_FOR_CAPTURED_VALUE name:$movie type:com.vs18.tvdemoapp.core.model.Movie? visibility:public/*package*/ [final]
          FIELD FIELD_FOR_CAPTURED_VALUE name:$player type:com.google.android.exoplayer2.SimpleExoPlayer visibility:public/*package*/ [final]
          FIELD FIELD_FOR_CAPTURED_VALUE name:$onError type:kotlin.Function1<kotlin.String, kotlin.Unit> visibility:public/*package*/ [final]
          FUN INLINE_LAMBDA name:invokeSuspend$lambda$0 visibility:private modality:FINAL returnType:kotlin.Boolean
            VALUE_PARAMETER kind:Regular name:it index:0 type:kotlin.String
            BLOCK_BODY
              VAR name:$i$a$-takeIf-VideoPlayerKt$VideoPlayer$3$1 type:kotlin.Int [val]
                CONST Int type=kotlin.Int value=0
              RETURN type=kotlin.Nothing from='private final fun invokeSuspend$lambda$0 (it: kotlin.String): kotlin.Boolean declared in com.vs18.tvdemoapp.player.VideoPlayerKt.VideoPlayer.<no name provided>'
                CALL 'public final fun isNotEmpty (<this>: kotlin.CharSequence): kotlin.Boolean [inline] declared in kotlin.text.StringsKt' type=kotlin.Boolean origin=null
                  ARG <this>: GET_VAR 'it: kotlin.String declared in com.vs18.tvdemoapp.player.VideoPlayerKt.VideoPlayer.<no name provided>.invokeSuspend$lambda$0' type=kotlin.String origin=null
          FUN INLINE_LAMBDA name:invokeSuspend$lambda$1 visibility:private modality:FINAL returnType:kotlin.Any
            VALUE_PARAMETER BOUND_VALUE_PARAMETER kind:Regular name:$builder index:0 type:com.google.android.exoplayer2.MediaItem.Builder
            VALUE_PARAMETER BOUND_VALUE_PARAMETER kind:Regular name:$onError index:1 type:kotlin.Function1<kotlin.String, kotlin.Unit>
            VALUE_PARAMETER BOUND_VALUE_PARAMETER kind:Regular name:$movie index:2 type:com.vs18.tvdemoapp.core.model.Movie?
            VALUE_PARAMETER kind:Regular name:subs index:3 type:kotlin.String
            BLOCK_BODY
              VAR name:$i$a$-let-VideoPlayerKt$VideoPlayer$3$2 type:kotlin.Int [val]
                CONST Int type=kotlin.Int value=0
              RETURN type=kotlin.Nothing from='private final fun invokeSuspend$lambda$1 ($builder: com.google.android.exoplayer2.MediaItem.Builder, $onError: kotlin.Function1<kotlin.String, kotlin.Unit>, $movie: com.vs18.tvdemoapp.core.model.Movie?, subs: kotlin.String): kotlin.Any declared in com.vs18.tvdemoapp.player.VideoPlayerKt.VideoPlayer.<no name provided>'
                TRY type=kotlin.Any
                  try: BLOCK type=com.google.android.exoplayer2.MediaItem.Builder origin=null
                    VAR IR_TEMPORARY_VARIABLE name:tmp1 type:kotlin.Any? [val]
                      BLOCK type=@[EnhancedNullability] com.google.android.exoplayer2.MediaItem.Builder origin=null
                        VAR name:subtitleConfig type:com.google.android.exoplayer2.MediaItem.SubtitleConfiguration [val]
                          BLOCK type=com.google.android.exoplayer2.MediaItem.SubtitleConfiguration origin=null
                            VAR IR_TEMPORARY_VARIABLE name:tmp0 type:kotlin.Any? [val]
                              CALL 'public open fun build (): @[EnhancedNullability] com.google.android.exoplayer2.MediaItem.SubtitleConfiguration declared in com.google.android.exoplayer2.MediaItem.SubtitleConfiguration.Builder' type=@[EnhancedNullability] com.google.android.exoplayer2.MediaItem.SubtitleConfiguration origin=null
                                ARG <this>: CALL 'public open fun setSelectionFlags (p0: kotlin.Int): @[EnhancedNullability] com.google.android.exoplayer2.MediaItem.SubtitleConfiguration.Builder declared in com.google.android.exoplayer2.MediaItem.SubtitleConfiguration.Builder' type=@[EnhancedNullability] com.google.android.exoplayer2.MediaItem.SubtitleConfiguration.Builder origin=null
                                  ARG <this>: CALL 'public open fun setLanguage (p0: @[EnhancedNullability] kotlin.String?): @[EnhancedNullability] com.google.android.exoplayer2.MediaItem.SubtitleConfiguration.Builder declared in com.google.android.exoplayer2.MediaItem.SubtitleConfiguration.Builder' type=@[EnhancedNullability] com.google.android.exoplayer2.MediaItem.SubtitleConfiguration.Builder origin=null
                                    ARG <this>: CALL 'public open fun setMimeType (p0: @[EnhancedNullability] kotlin.String?): @[EnhancedNullability] com.google.android.exoplayer2.MediaItem.SubtitleConfiguration.Builder declared in com.google.android.exoplayer2.MediaItem.SubtitleConfiguration.Builder' type=@[EnhancedNullability] com.google.android.exoplayer2.MediaItem.SubtitleConfiguration.Builder origin=null
                                      ARG <this>: CONSTRUCTOR_CALL 'public constructor <init> (p0: @[EnhancedNullability] android.net.Uri) declared in com.google.android.exoplayer2.MediaItem.SubtitleConfiguration.Builder' type=com.google.android.exoplayer2.MediaItem.SubtitleConfiguration.Builder origin=null
                                        ARG p0: CALL 'public final fun toUri (<this>: kotlin.String): android.net.Uri [inline] declared in androidx.core.net.UriKt' type=android.net.Uri origin=null
                                          ARG <this>: GET_VAR 'subs: kotlin.String declared in com.vs18.tvdemoapp.player.VideoPlayerKt.VideoPlayer.<no name provided>.invokeSuspend$lambda$1' type=kotlin.String origin=null
                                      ARG p0: CONST String type=kotlin.String value="text/vtt"
                                    ARG p0: CONST String type=kotlin.String value="en"
                                  ARG p0: CONST Int type=kotlin.Int value=1
                            CALL 'public final fun checkNotNullExpressionValue (value: kotlin.Any?, expression: kotlin.String): kotlin.Unit declared in kotlin.jvm.internal.Intrinsics' type=kotlin.Unit origin=null
                              ARG value: GET_VAR 'val tmp0: kotlin.Any? [val] declared in com.vs18.tvdemoapp.player.VideoPlayerKt.VideoPlayer.<no name provided>.invokeSuspend$lambda$1' type=kotlin.Any? origin=null
                              ARG expression: CONST String type=kotlin.String value="build(...)"
                            GET_VAR 'val tmp0: kotlin.Any? [val] declared in com.vs18.tvdemoapp.player.VideoPlayerKt.VideoPlayer.<no name provided>.invokeSuspend$lambda$1' type=kotlin.Any? origin=null
                        CALL 'public open fun setSubtitleConfigurations (p0: @[EnhancedNullability] @[FlexibleMutability] kotlin.collections.MutableList<@[EnhancedNullability] com.google.android.exoplayer2.MediaItem.SubtitleConfiguration>): @[EnhancedNullability] com.google.android.exoplayer2.MediaItem.Builder declared in com.google.android.exoplayer2.MediaItem.Builder' type=@[EnhancedNullability] com.google.android.exoplayer2.MediaItem.Builder origin=null
                          ARG <this>: GET_VAR '$builder: com.google.android.exoplayer2.MediaItem.Builder declared in com.vs18.tvdemoapp.player.VideoPlayerKt.VideoPlayer.<no name provided>.invokeSuspend$lambda$1' type=com.google.android.exoplayer2.MediaItem.Builder origin=null
                          ARG p0: CALL 'public final fun listOf <T> (element: T of kotlin.collections.CollectionsKt.listOf): kotlin.collections.List<T of kotlin.collections.CollectionsKt.listOf> declared in kotlin.collections.CollectionsKt' type=kotlin.collections.List<com.google.android.exoplayer2.MediaItem.SubtitleConfiguration> origin=null
                            TYPE_ARG T: com.google.android.exoplayer2.MediaItem.SubtitleConfiguration
                            ARG element: GET_VAR 'val subtitleConfig: com.google.android.exoplayer2.MediaItem.SubtitleConfiguration [val] declared in com.vs18.tvdemoapp.player.VideoPlayerKt.VideoPlayer.<no name provided>.invokeSuspend$lambda$1' type=com.google.android.exoplayer2.MediaItem.SubtitleConfiguration origin=null
                    CALL 'public final fun checkNotNull (object: kotlin.Any?): kotlin.Unit declared in kotlin.jvm.internal.Intrinsics' type=kotlin.Unit origin=null
                      ARG object: GET_VAR 'val tmp1: kotlin.Any? [val] declared in com.vs18.tvdemoapp.player.VideoPlayerKt.VideoPlayer.<no name provided>.invokeSuspend$lambda$1' type=kotlin.Any? origin=null
                    GET_VAR 'val tmp1: kotlin.Any? [val] declared in com.vs18.tvdemoapp.player.VideoPlayerKt.VideoPlayer.<no name provided>.invokeSuspend$lambda$1' type=kotlin.Any? origin=null
                  CATCH parameter=val e: java.lang.Exception [val] declared in com.vs18.tvdemoapp.player.VideoPlayerKt.VideoPlayer.<no name provided>.invokeSuspend$lambda$1
                    VAR CATCH_PARAMETER name:e type:java.lang.Exception [val]
                    BLOCK type=kotlin.Unit origin=null
                      CALL 'public open fun recordException (p0: @[EnhancedNullability] kotlin.Throwable): kotlin.Unit declared in com.google.firebase.crashlytics.FirebaseCrashlytics' type=kotlin.Unit origin=null
                        ARG <this>: CALL 'public open fun getInstance (): @[EnhancedNullability] com.google.firebase.crashlytics.FirebaseCrashlytics declared in com.google.firebase.crashlytics.FirebaseCrashlytics' type=@[EnhancedNullability] com.google.firebase.crashlytics.FirebaseCrashlytics origin=null
                        ARG p0: GET_VAR 'val e: java.lang.Exception [val] declared in com.vs18.tvdemoapp.player.VideoPlayerKt.VideoPlayer.<no name provided>.invokeSuspend$lambda$1' type=java.lang.Exception origin=null
                      CALL 'public abstract fun invoke (p1: P1 of kotlin.Function1): R of kotlin.Function1 [operator] declared in kotlin.Function1' type=kotlin.Unit origin=INVOKE
                        ARG <this>: GET_VAR '$onError: kotlin.Function1<kotlin.String, kotlin.Unit> declared in com.vs18.tvdemoapp.player.VideoPlayerKt.VideoPlayer.<no name provided>.invokeSuspend$lambda$1' type=kotlin.Function1<kotlin.String, kotlin.Unit> origin=null
                        ARG p1: STRING_CONCATENATION type=kotlin.String
                          CONST String type=kotlin.String value="Failed to load subtitles for "
                          BLOCK type=kotlin.String origin=FOLDED_ELVIS
                            WHEN type=kotlin.String origin=FOLDED_ELVIS
                              BRANCH
                                if: COMPOSITE type=kotlin.Boolean origin=null
                                  VAR IR_TEMPORARY_VARIABLE name:tmp0_elvis_lhs type:kotlin.String? [val]
                                    CALL 'public final fun <get-title> (): kotlin.String? declared in com.vs18.tvdemoapp.core.model.Movie' type=kotlin.String? origin=GET_PROPERTY
                                      ARG <this>: TYPE_OP type=com.vs18.tvdemoapp.core.model.Movie origin=IMPLICIT_CAST typeOperand=com.vs18.tvdemoapp.core.model.Movie
                                        GET_VAR '$movie: com.vs18.tvdemoapp.core.model.Movie? declared in com.vs18.tvdemoapp.player.VideoPlayerKt.VideoPlayer.<no name provided>.invokeSuspend$lambda$1' type=com.vs18.tvdemoapp.core.model.Movie? origin=null
                                  CALL 'public final fun not (): kotlin.Boolean [operator] declared in kotlin.Boolean' type=kotlin.Boolean origin=null
                                    ARG <this>: CALL 'public final fun EQEQ (arg0: kotlin.Any?, arg1: kotlin.Any?): kotlin.Boolean declared in kotlin.internal.ir' type=kotlin.Boolean origin=null
                                      ARG arg0: GET_VAR 'val tmp0_elvis_lhs: kotlin.String? [val] declared in com.vs18.tvdemoapp.player.VideoPlayerKt.VideoPlayer.<no name provided>.invokeSuspend$lambda$1' type=kotlin.String? origin=null
                                      ARG arg1: CONST Null type=kotlin.Nothing? value=null
                                then: GET_VAR 'val tmp0_elvis_lhs: kotlin.String? [val] declared in com.vs18.tvdemoapp.player.VideoPlayerKt.VideoPlayer.<no name provided>.invokeSuspend$lambda$1' type=kotlin.String? origin=null
                              BRANCH
                                if: CONST Boolean type=kotlin.Boolean value=true
                                then: CONST String type=kotlin.String value="unknown"
          FUN BRIDGE name:invoke visibility:public modality:OPEN returnType:kotlin.Any?
            VALUE_PARAMETER INSTANCE_RECEIVER kind:DispatchReceiver name:<this> index:0 type:com.vs18.tvdemoapp.player.VideoPlayerKt.VideoPlayer.<no name provided>
            VALUE_PARAMETER BRIDGE kind:Regular name:p1 index:1 type:kotlin.Any?
            VALUE_PARAMETER BRIDGE kind:Regular name:p2 index:2 type:kotlin.Any?
            EXPRESSION_BODY
              RETURN type=kotlin.Nothing from='public open fun invoke (p1: kotlin.Any?, p2: kotlin.Any?): kotlin.Any? declared in com.vs18.tvdemoapp.player.VideoPlayerKt.VideoPlayer.<no name provided>'
                CALL 'public final fun invoke (p1: kotlinx.coroutines.CoroutineScope, p2: kotlin.coroutines.Continuation<kotlin.Unit>?): kotlin.Any? declared in com.vs18.tvdemoapp.player.VideoPlayerKt.VideoPlayer.<no name provided>' type=kotlin.Any? origin=BRIDGE_DELEGATION
                  ARG <this>: GET_VAR '<this>: com.vs18.tvdemoapp.player.VideoPlayerKt.VideoPlayer.<no name provided> declared in com.vs18.tvdemoapp.player.VideoPlayerKt.VideoPlayer.<no name provided>.invoke' type=com.vs18.tvdemoapp.player.VideoPlayerKt.VideoPlayer.<no name provided> origin=null
                  ARG p1: TYPE_OP type=kotlinx.coroutines.CoroutineScope origin=IMPLICIT_CAST typeOperand=kotlinx.coroutines.CoroutineScope
                    GET_VAR 'p1: kotlin.Any? declared in com.vs18.tvdemoapp.player.VideoPlayerKt.VideoPlayer.<no name provided>.invoke' type=kotlin.Any? origin=null
                  ARG p2: TYPE_OP type=kotlin.coroutines.Continuation<*> origin=IMPLICIT_CAST typeOperand=kotlin.coroutines.Continuation<*>
                    GET_VAR 'p2: kotlin.Any? declared in com.vs18.tvdemoapp.player.VideoPlayerKt.VideoPlayer.<no name provided>.invoke' type=kotlin.Any? origin=null
        CONSTRUCTOR_CALL 'public/*package*/ constructor <init> ($movie: com.vs18.tvdemoapp.core.model.Movie?, $player: com.google.android.exoplayer2.SimpleExoPlayer, $onError: kotlin.Function1<kotlin.String, kotlin.Unit>, $completion: kotlin.coroutines.Continuation<com.vs18.tvdemoapp.player.VideoPlayerKt.VideoPlayer.<no name provided>>?) [primary] declared in com.vs18.tvdemoapp.player.VideoPlayerKt.VideoPlayer.<no name provided>' type=com.vs18.tvdemoapp.player.VideoPlayerKt.VideoPlayer.<no name provided> origin=null
          ARG $movie: GET_VAR 'movie: com.vs18.tvdemoapp.core.model.Movie? declared in com.vs18.tvdemoapp.player.VideoPlayerKt.VideoPlayer' type=com.vs18.tvdemoapp.core.model.Movie? origin=null
          ARG $player: GET_VAR 'val player: com.google.android.exoplayer2.SimpleExoPlayer [val] declared in com.vs18.tvdemoapp.player.VideoPlayerKt.VideoPlayer' type=com.google.android.exoplayer2.SimpleExoPlayer origin=null
          ARG $onError: GET_VAR 'onError: kotlin.Function1<kotlin.String, kotlin.Unit> declared in com.vs18.tvdemoapp.player.VideoPlayerKt.VideoPlayer' type=kotlin.Function1<kotlin.String, kotlin.Unit> origin=null
          ARG $completion: CONST Null type=kotlin.Nothing? value=null
    CALL 'public final fun AndroidView$default <T> (factory: kotlin.Function1<android.content.Context, T of androidx.compose.ui.viewinterop.AndroidView_androidKt.AndroidView$default>, modifier: androidx.compose.ui.Modifier?, update: kotlin.Function1<T of androidx.compose.ui.viewinterop.AndroidView_androidKt.AndroidView$default, kotlin.Unit>?, $mask0: kotlin.Int, $handler: kotlin.Any?): kotlin.Unit declared in androidx.compose.ui.viewinterop.AndroidView_androidKt' type=kotlin.Unit origin=DEFAULT_DISPATCH_CALL
      TYPE_ARG T: com.google.android.exoplayer2.ui.PlayerView
      ARG factory: BLOCK type=kotlin.Function1<android.content.Context, com.google.android.exoplayer2.ui.PlayerView> origin=LAMBDA
        COMPOSITE type=kotlin.Unit origin=null
        CALL 'public final fun <jvm-indy> <T> (dynamicCall: T of kotlin.jvm.internal.<jvm-indy>, bootstrapMethodHandle: kotlin.Any, vararg bootstrapMethodArguments: kotlin.Any): T of kotlin.jvm.internal.<jvm-indy> declared in kotlin.jvm.internal' type=kotlin.Function1<android.content.Context, com.google.android.exoplayer2.ui.PlayerView> origin=null
          TYPE_ARG T: kotlin.Function1<android.content.Context, com.google.android.exoplayer2.ui.PlayerView>
          ARG dynamicCall: CALL 'public final fun invoke (p0: com.google.android.exoplayer2.ui.PlayerView): kotlin.Function1<android.content.Context, com.google.android.exoplayer2.ui.PlayerView> declared in kotlin.jvm.internal.invokeDynamic' type=kotlin.Function1<android.content.Context, com.google.android.exoplayer2.ui.PlayerView> origin=null
            ARG p0: GET_VAR 'val playerView: com.google.android.exoplayer2.ui.PlayerView [val] declared in com.vs18.tvdemoapp.player.VideoPlayerKt.VideoPlayer' type=com.google.android.exoplayer2.ui.PlayerView origin=null
          ARG bootstrapMethodHandle: CALL 'public final fun <jvm-method-handle> (tag: kotlin.Int, owner: kotlin.String, name: kotlin.String, descriptor: kotlin.String, isInterface: kotlin.Boolean): kotlin.Any declared in kotlin.jvm.internal' type=kotlin.Any origin=null
            ARG tag: CONST Int type=kotlin.Int value=6
            ARG owner: CONST String type=kotlin.String value="java/lang/invoke/LambdaMetafactory"
            ARG name: CONST String type=kotlin.String value="metafactory"
            ARG descriptor: CONST String type=kotlin.String value="(Ljava/lang/invoke/MethodHandles$Lookup;Ljava/lang/String;Ljava/lang/invoke/MethodType;Ljava/lang/invoke/MethodType;Ljava/lang/invoke/MethodHandle;Ljava/lang/invoke/MethodType;)Ljava/lang/invoke/CallSite;"
            ARG isInterface: CONST Boolean type=kotlin.Boolean value=false
          ARG bootstrapMethodArguments: VARARG type=kotlin.Array<kotlin.Any> varargElementType=kotlin.Any
            CALL 'public final fun <jvm-original-method-type> (method: kotlin.Any): kotlin.Any declared in kotlin.jvm.internal' type=kotlin.Any origin=null
              ARG method: RAW_FUNCTION_REFERENCE 'public abstract fun invoke (p1: P1 of kotlin.Function1): R of kotlin.Function1 [operator] declared in kotlin.Function1' type=kotlin.Any
            RAW_FUNCTION_REFERENCE 'private final fun VideoPlayer$lambda$2 ($playerView: com.google.android.exoplayer2.ui.PlayerView, it: android.content.Context): com.google.android.exoplayer2.ui.PlayerView declared in com.vs18.tvdemoapp.player.VideoPlayerKt' type=kotlin.Any
            CALL 'public final fun <jvm-original-method-type> (method: kotlin.Any): kotlin.Any declared in kotlin.jvm.internal' type=kotlin.Any origin=null
              ARG method: RAW_FUNCTION_REFERENCE 'public abstract fun invoke (p1: android.content.Context): com.google.android.exoplayer2.ui.PlayerView [fake_override,operator] declared in kotlin.jvm.internal.invokeDynamic.<fake>' type=kotlin.Any
      ARG modifier: COMPOSITE type=androidx.compose.ui.Modifier? origin=DEFAULT_VALUE
        CONST Null type=androidx.compose.ui.Modifier? value=null
      ARG update: BLOCK type=kotlin.Function1<com.google.android.exoplayer2.ui.PlayerView, kotlin.Unit> origin=LAMBDA
        COMPOSITE type=kotlin.Unit origin=null
        CALL 'public final fun <jvm-indy> <T> (dynamicCall: T of kotlin.jvm.internal.<jvm-indy>, bootstrapMethodHandle: kotlin.Any, vararg bootstrapMethodArguments: kotlin.Any): T of kotlin.jvm.internal.<jvm-indy> declared in kotlin.jvm.internal' type=kotlin.Function1<com.google.android.exoplayer2.ui.PlayerView, kotlin.Unit> origin=null
          TYPE_ARG T: kotlin.Function1<com.google.android.exoplayer2.ui.PlayerView, kotlin.Unit>
          ARG dynamicCall: CALL 'public final fun invoke (p0: com.google.android.exoplayer2.SimpleExoPlayer): kotlin.Function1<com.google.android.exoplayer2.ui.PlayerView, kotlin.Unit> declared in kotlin.jvm.internal.invokeDynamic' type=kotlin.Function1<com.google.android.exoplayer2.ui.PlayerView, kotlin.Unit> origin=null
            ARG p0: GET_VAR 'val player: com.google.android.exoplayer2.SimpleExoPlayer [val] declared in com.vs18.tvdemoapp.player.VideoPlayerKt.VideoPlayer' type=com.google.android.exoplayer2.SimpleExoPlayer origin=null
          ARG bootstrapMethodHandle: CALL 'public final fun <jvm-method-handle> (tag: kotlin.Int, owner: kotlin.String, name: kotlin.String, descriptor: kotlin.String, isInterface: kotlin.Boolean): kotlin.Any declared in kotlin.jvm.internal' type=kotlin.Any origin=null
            ARG tag: CONST Int type=kotlin.Int value=6
            ARG owner: CONST String type=kotlin.String value="java/lang/invoke/LambdaMetafactory"
            ARG name: CONST String type=kotlin.String value="metafactory"
            ARG descriptor: CONST String type=kotlin.String value="(Ljava/lang/invoke/MethodHandles$Lookup;Ljava/lang/String;Ljava/lang/invoke/MethodType;Ljava/lang/invoke/MethodType;Ljava/lang/invoke/MethodHandle;Ljava/lang/invoke/MethodType;)Ljava/lang/invoke/CallSite;"
            ARG isInterface: CONST Boolean type=kotlin.Boolean value=false
          ARG bootstrapMethodArguments: VARARG type=kotlin.Array<kotlin.Any> varargElementType=kotlin.Any
            CALL 'public final fun <jvm-original-method-type> (method: kotlin.Any): kotlin.Any declared in kotlin.jvm.internal' type=kotlin.Any origin=null
              ARG method: RAW_FUNCTION_REFERENCE 'public abstract fun invoke (p1: P1 of kotlin.Function1): R of kotlin.Function1 [operator] declared in kotlin.Function1' type=kotlin.Any
            RAW_FUNCTION_REFERENCE 'private final fun VideoPlayer$lambda$3 ($player: com.google.android.exoplayer2.SimpleExoPlayer, view: com.google.android.exoplayer2.ui.PlayerView): kotlin.Unit? declared in com.vs18.tvdemoapp.player.VideoPlayerKt' type=kotlin.Any
            CALL 'public final fun <jvm-original-method-type> (method: kotlin.Any): kotlin.Any declared in kotlin.jvm.internal' type=kotlin.Any origin=null
              ARG method: RAW_FUNCTION_REFERENCE 'public abstract fun invoke (p1: com.google.android.exoplayer2.ui.PlayerView): kotlin.Unit? [fake_override,operator] declared in kotlin.jvm.internal.invokeDynamic.<fake>' type=kotlin.Any
      ARG $mask0: CONST Int type=kotlin.Int value=2
      ARG $handler: CONST Null type=kotlin.Any? value=null
    CALL 'public final fun DisposableEffect (key1: kotlin.Any?, effect: @[ExtensionFunctionType] kotlin.Function1<androidx.compose.runtime.DisposableEffectScope, androidx.compose.runtime.DisposableEffectResult>): kotlin.Unit declared in androidx.compose.runtime.EffectsKt' type=kotlin.Unit origin=null
      ARG key1: GET_FIELD 'FIELD FIELD_FOR_OBJECT_INSTANCE name:INSTANCE type:kotlin.Unit visibility:public [final,static] declared in kotlin.Unit' type=kotlin.Unit origin=null
      ARG effect: BLOCK type=@[ExtensionFunctionType] kotlin.Function1<androidx.compose.runtime.DisposableEffectScope, androidx.compose.runtime.DisposableEffectResult> origin=LAMBDA
        COMPOSITE type=kotlin.Unit origin=null
        CALL 'public final fun <jvm-indy> <T> (dynamicCall: T of kotlin.jvm.internal.<jvm-indy>, bootstrapMethodHandle: kotlin.Any, vararg bootstrapMethodArguments: kotlin.Any): T of kotlin.jvm.internal.<jvm-indy> declared in kotlin.jvm.internal' type=@[ExtensionFunctionType] kotlin.Function1<androidx.compose.runtime.DisposableEffectScope, androidx.compose.runtime.DisposableEffectResult> origin=null
          TYPE_ARG T: @[ExtensionFunctionType] kotlin.Function1<androidx.compose.runtime.DisposableEffectScope, androidx.compose.runtime.DisposableEffectResult>
          ARG dynamicCall: CALL 'public final fun invoke (p0: com.google.android.exoplayer2.SimpleExoPlayer, p1: com.google.android.exoplayer2.ui.PlayerView): @[ExtensionFunctionType] kotlin.Function1<androidx.compose.runtime.DisposableEffectScope, androidx.compose.runtime.DisposableEffectResult> declared in kotlin.jvm.internal.invokeDynamic' type=@[ExtensionFunctionType] kotlin.Function1<androidx.compose.runtime.DisposableEffectScope, androidx.compose.runtime.DisposableEffectResult> origin=null
            ARG p0: GET_VAR 'val player: com.google.android.exoplayer2.SimpleExoPlayer [val] declared in com.vs18.tvdemoapp.player.VideoPlayerKt.VideoPlayer' type=com.google.android.exoplayer2.SimpleExoPlayer origin=null
            ARG p1: GET_VAR 'val playerView: com.google.android.exoplayer2.ui.PlayerView [val] declared in com.vs18.tvdemoapp.player.VideoPlayerKt.VideoPlayer' type=com.google.android.exoplayer2.ui.PlayerView origin=null
          ARG bootstrapMethodHandle: CALL 'public final fun <jvm-method-handle> (tag: kotlin.Int, owner: kotlin.String, name: kotlin.String, descriptor: kotlin.String, isInterface: kotlin.Boolean): kotlin.Any declared in kotlin.jvm.internal' type=kotlin.Any origin=null
            ARG tag: CONST Int type=kotlin.Int value=6
            ARG owner: CONST String type=kotlin.String value="java/lang/invoke/LambdaMetafactory"
            ARG name: CONST String type=kotlin.String value="metafactory"
            ARG descriptor: CONST String type=kotlin.String value="(Ljava/lang/invoke/MethodHandles$Lookup;Ljava/lang/String;Ljava/lang/invoke/MethodType;Ljava/lang/invoke/MethodType;Ljava/lang/invoke/MethodHandle;Ljava/lang/invoke/MethodType;)Ljava/lang/invoke/CallSite;"
            ARG isInterface: CONST Boolean type=kotlin.Boolean value=false
          ARG bootstrapMethodArguments: VARARG type=kotlin.Array<kotlin.Any> varargElementType=kotlin.Any
            CALL 'public final fun <jvm-original-method-type> (method: kotlin.Any): kotlin.Any declared in kotlin.jvm.internal' type=kotlin.Any origin=null
              ARG method: RAW_FUNCTION_REFERENCE 'public abstract fun invoke (p1: P1 of kotlin.Function1): R of kotlin.Function1 [operator] declared in kotlin.Function1' type=kotlin.Any
            RAW_FUNCTION_REFERENCE 'private final fun VideoPlayer$lambda$4 ($player: com.google.android.exoplayer2.SimpleExoPlayer, $playerView: com.google.android.exoplayer2.ui.PlayerView, $this$DisposableEffect: androidx.compose.runtime.DisposableEffectScope): androidx.compose.runtime.DisposableEffectResult declared in com.vs18.tvdemoapp.player.VideoPlayerKt' type=kotlin.Any
            CALL 'public final fun <jvm-original-method-type> (method: kotlin.Any): kotlin.Any declared in kotlin.jvm.internal' type=kotlin.Any origin=null
              ARG method: RAW_FUNCTION_REFERENCE 'public abstract fun invoke (p1: androidx.compose.runtime.DisposableEffectScope): androidx.compose.runtime.DisposableEffectResult [fake_override,operator] declared in kotlin.jvm.internal.invokeDynamic.<fake>' type=kotlin.Any

	at org.jetbrains.kotlin.backend.jvm.codegen.FunctionCodegen.generate(FunctionCodegen.kt:53)
	at org.jetbrains.kotlin.backend.jvm.codegen.FunctionCodegen.generate$default(FunctionCodegen.kt:46)
	at org.jetbrains.kotlin.backend.jvm.codegen.ClassCodegen.generateMethodNode(ClassCodegen.kt:422)
	at org.jetbrains.kotlin.backend.jvm.codegen.ClassCodegen.generateMethod(ClassCodegen.kt:439)
	at org.jetbrains.kotlin.backend.jvm.codegen.ClassCodegen.generate(ClassCodegen.kt:164)
	at org.jetbrains.kotlin.backend.jvm.JvmIrCodegenFactory.generateFile(JvmIrCodegenFactory.kt:446)
	at org.jetbrains.kotlin.backend.jvm.JvmIrCodegenFactory.invokeCodegen(JvmIrCodegenFactory.kt:413)
	at org.jetbrains.kotlin.cli.jvm.compiler.KotlinToJVMBytecodeCompiler.runCodegen$cli(KotlinToJVMBytecodeCompiler.kt:425)
	at org.jetbrains.kotlin.cli.pipeline.jvm.JvmBackendPipelinePhase.executePhase(JvmBackendPipelinePhase.kt:89)
	at org.jetbrains.kotlin.cli.pipeline.jvm.JvmBackendPipelinePhase.executePhase(JvmBackendPipelinePhase.kt:27)
	at org.jetbrains.kotlin.cli.pipeline.PipelinePhase.phaseBody(PipelinePhase.kt:68)
	at org.jetbrains.kotlin.cli.pipeline.PipelinePhase.phaseBody(PipelinePhase.kt:58)
	at org.jetbrains.kotlin.config.phaser.NamedCompilerPhase.invoke(CompilerPhase.kt:102)
	at org.jetbrains.kotlin.backend.common.phaser.CompositePhase.invoke(PhaseBuilders.kt:22)
	at org.jetbrains.kotlin.config.phaser.CompilerPhaseKt.invokeToplevel(CompilerPhase.kt:53)
	at org.jetbrains.kotlin.cli.pipeline.AbstractCliPipeline.runPhasedPipeline(AbstractCliPipeline.kt:109)
	at org.jetbrains.kotlin.cli.pipeline.AbstractCliPipeline.execute(AbstractCliPipeline.kt:68)
	at org.jetbrains.kotlin.cli.jvm.K2JVMCompiler.doExecutePhased(K2JVMCompiler.kt:79)
	at org.jetbrains.kotlin.cli.jvm.K2JVMCompiler.doExecutePhased(K2JVMCompiler.kt:45)
	at org.jetbrains.kotlin.cli.common.CLICompiler.execImpl(CLICompiler.kt:90)
	at org.jetbrains.kotlin.cli.common.CLICompiler.exec(CLICompiler.kt:352)
	at org.jetbrains.kotlin.incremental.IncrementalJvmCompilerRunnerBase.runCompiler(IncrementalJvmCompilerRunnerBase.kt:176)
	at org.jetbrains.kotlin.incremental.IncrementalJvmCompilerRunnerBase.runCompiler(IncrementalJvmCompilerRunnerBase.kt:39)
	at org.jetbrains.kotlin.incremental.IncrementalCompilerRunner.doCompile(IncrementalCompilerRunner.kt:499)
	at org.jetbrains.kotlin.incremental.IncrementalCompilerRunner.compileImpl(IncrementalCompilerRunner.kt:416)
	at org.jetbrains.kotlin.incremental.IncrementalCompilerRunner.compileNonIncrementally(IncrementalCompilerRunner.kt:301)
	at org.jetbrains.kotlin.incremental.IncrementalCompilerRunner.compile(IncrementalCompilerRunner.kt:128)
	at org.jetbrains.kotlin.daemon.CompileServiceImplBase.execIncrementalCompiler(CompileServiceImpl.kt:684)
	at org.jetbrains.kotlin.daemon.CompileServiceImplBase.access$execIncrementalCompiler(CompileServiceImpl.kt:94)
	at org.jetbrains.kotlin.daemon.CompileServiceImpl.compile(CompileServiceImpl.kt:1810)
	at java.base/jdk.internal.reflect.DirectMethodHandleAccessor.invoke(Unknown Source)
	at java.base/java.lang.reflect.Method.invoke(Unknown Source)
	at java.rmi/sun.rmi.server.UnicastServerRef.dispatch(Unknown Source)
	at java.rmi/sun.rmi.transport.Transport$1.run(Unknown Source)
	at java.rmi/sun.rmi.transport.Transport$1.run(Unknown Source)
	at java.base/java.security.AccessController.doPrivileged(Unknown Source)
	at java.rmi/sun.rmi.transport.Transport.serviceCall(Unknown Source)
	at java.rmi/sun.rmi.transport.tcp.TCPTransport.handleMessages(Unknown Source)
	at java.rmi/sun.rmi.transport.tcp.TCPTransport$ConnectionHandler.run0(Unknown Source)
	at java.rmi/sun.rmi.transport.tcp.TCPTransport$ConnectionHandler.lambda$run$0(Unknown Source)
	at java.base/java.security.AccessController.doPrivileged(Unknown Source)
	at java.rmi/sun.rmi.transport.tcp.TCPTransport$ConnectionHandler.run(Unknown Source)
	at java.base/java.util.concurrent.ThreadPoolExecutor.runWorker(Unknown Source)
	at java.base/java.util.concurrent.ThreadPoolExecutor$Worker.run(Unknown Source)
	at java.base/java.lang.Thread.run(Unknown Source)
Caused by: org.jetbrains.kotlin.codegen.CompilationException: Back-end (JVM) Internal error: Couldn't inline method call: CALL 'public final fun <get-current> (): T of androidx.compose.runtime.CompositionLocal [inline] declared in androidx.compose.runtime.CompositionLocal' type=android.content.Context origin=GET_PROPERTY
Method: null
File is unknown
The root cause java.lang.IllegalStateException was thrown at: org.jetbrains.kotlin.codegen.inline.SourceCompilerForInlineKt.getMethodNode(SourceCompilerForInline.kt:129)
	at org.jetbrains.kotlin.backend.jvm.codegen.IrInlineCodegen.genInlineCall(IrInlineCodegen.kt:82)
	at org.jetbrains.kotlin.backend.jvm.codegen.IrInlineCallGenerator.genCall(IrInlineCallGenerator.kt:36)
	at org.jetbrains.kotlin.backend.jvm.codegen.ExpressionCodegen.visitCall(ExpressionCodegen.kt:589)
	at org.jetbrains.kotlin.backend.jvm.codegen.ExpressionCodegen.visitCall(ExpressionCodegen.kt:134)
	at org.jetbrains.kotlin.ir.expressions.IrCall.accept(IrCall.kt:24)
	at org.jetbrains.kotlin.backend.jvm.codegen.ExpressionCodegen.visitVariable(ExpressionCodegen.kt:729)
	at org.jetbrains.kotlin.backend.jvm.codegen.ExpressionCodegen.visitVariable(ExpressionCodegen.kt:134)
	at org.jetbrains.kotlin.ir.declarations.IrVariable.accept(IrVariable.kt:36)
	at org.jetbrains.kotlin.backend.jvm.codegen.ExpressionCodegen.visitStatementContainer(ExpressionCodegen.kt:530)
	at org.jetbrains.kotlin.backend.jvm.codegen.ExpressionCodegen.visitBlockBody(ExpressionCodegen.kt:535)
	at org.jetbrains.kotlin.backend.jvm.codegen.ExpressionCodegen.visitBlockBody(ExpressionCodegen.kt:134)
	at org.jetbrains.kotlin.ir.expressions.IrBlockBody.accept(IrBlockBody.kt:20)
	at org.jetbrains.kotlin.backend.jvm.codegen.ExpressionCodegen.generate(ExpressionCodegen.kt:232)
	at org.jetbrains.kotlin.backend.jvm.codegen.FunctionCodegen.doGenerate(FunctionCodegen.kt:129)
	at org.jetbrains.kotlin.backend.jvm.codegen.FunctionCodegen.generate(FunctionCodegen.kt:50)
	... 44 more
Caused by: java.lang.IllegalStateException: couldn't find inline method Landroidx/compose/runtime/CompositionLocal;.getCurrent()Ljava/lang/Object;
	at org.jetbrains.kotlin.codegen.inline.SourceCompilerForInlineKt.getMethodNode(SourceCompilerForInline.kt:129)
	at org.jetbrains.kotlin.codegen.inline.SourceCompilerForInlineKt.loadCompiledInlineFunction$lambda$0(SourceCompilerForInline.kt:98)
	at org.jetbrains.kotlin.codegen.inline.InlineCache.computeMethodBytes(InlineCache.kt:90)
	at org.jetbrains.kotlin.codegen.inline.SourceCompilerForInlineKt.loadCompiledInlineFunction(SourceCompilerForInline.kt:93)
	at org.jetbrains.kotlin.backend.jvm.codegen.IrSourceCompilerForInline.compileInlineFunction(IrSourceCompilerForInline.kt:96)
	at org.jetbrains.kotlin.backend.jvm.codegen.IrInlineCodegen.genInlineCall(IrInlineCodegen.kt:65)
	... 58 more


